,2
2002-06-01,
2002-06-02,1.0127143
2002-06-03,1.0127143
2002-06-04,1.0030767
2002-06-05,1.0076233
2002-06-06,1.0078015
2002-06-07,1.0056387
2002-06-08,1.0070218
2002-06-09,1.0086433
2002-06-10,1.0084349
2002-06-11,1.008033
2002-06-12,1.0092139
2002-06-13,1.0085608
2002-06-14,1.0084454
2002-06-15,1.008468
2002-06-16,1.0090897
2002-06-17,1.0059522
2002-06-18,1.0078384
2002-06-19,1.0085584
2002-06-20,1.0074501
2002-06-21,1.0080715
2002-06-22,1.0080262
2002-06-23,1.0069027
2002-06-24,1.0081508
2002-06-25,1.0076929
2002-06-26,1.0087434
2002-06-27,1.0081959
2002-06-28,1.0082108
2002-06-29,1.0083834
2002-06-30,1.0095305
2002-07-01,1.0100892
2002-07-02,1.0124592
2002-07-03,1.0154328
2002-07-04,1.0126519
2002-07-05,1.0135733
2002-07-06,1.0138831
2002-07-07,1.012612
2002-07-08,1.0133563
2002-07-09,1.0123522
2002-07-10,1.0127873
2002-07-11,1.0128313
2002-07-12,1.0132025
2002-07-13,1.0129405
2002-07-14,1.012093
2002-07-15,1.0127453
2002-07-16,1.0118982
2002-07-17,1.0122341
2002-07-18,1.0105146
2002-07-19,1.0113132
2002-07-20,1.0113539
2002-07-21,1.0145855
2002-07-22,1.012412
2002-07-23,1.0133975
2002-07-24,1.013463
2002-07-25,1.0133328
2002-07-26,1.0130723
2002-07-27,1.013289
2002-07-28,1.0128717
2002-07-29,1.0130774
2002-07-30,1.013079
2002-07-31,1.0130093
2002-08-01,1.0130552
2002-08-02,1.0130479
2002-08-03,1.0130374
2002-08-04,1.013047
2002-08-05,1.0130441
2002-08-06,1.0130428
2002-08-07,1.0130447
2002-08-08,1.014726
2002-08-09,1.0136023
2002-08-10,1.0134482
2002-08-11,1.0175025
2002-08-12,1.0148405
2002-08-13,1.0242248
2002-08-14,1.0188441
2002-08-15,1.0175638
2002-08-16,1.0202032
2002-08-17,1.0164235
2002-08-18,1.0162146
2002-08-19,1.0177221
2002-08-20,1.0148616
2002-08-21,1.0162644
2002-08-22,1.0170825
2002-08-23,1.0160675
2002-08-24,1.0151439
2002-08-25,1.0160964
2002-08-26,1.0144703
2002-08-27,1.0156832
2002-08-28,1.0154164
2002-08-29,1.0175124
2002-08-30,1.0162019
2002-08-31,1.0149066
2002-09-01,1.0162066
2002-09-02,1.0139778
2002-09-03,1.0141851
2002-09-04,1.0156021
2002-09-05,1.0132767
2002-09-06,1.0143526
2002-09-07,1.0137618
2002-09-08,1.0137962
2002-09-09,1.0138785
2002-09-10,1.0138122
2002-09-11,1.0130401
2002-09-12,1.0117215
2002-09-13,1.0128565
2002-09-14,1.0125388
2002-09-15,1.0123719
2002-09-16,1.0125891
2002-09-17,1.0124999
2002-09-18,1.0124869
2002-09-19,1.0125253
2002-09-20,1.0090194
2002-09-21,1.0120667
2002-09-22,1.011202
2002-09-23,1.0104085
2002-09-24,1.0112243
2002-09-25,1.0126854
2002-09-26,1.0114369
2002-09-27,1.0109675
2002-09-28,1.0108818
2002-09-29,1.011095
2002-09-30,1.0102984
2002-10-01,1.0107578
2002-10-02,1.010123
2002-10-03,1.0103928
2002-10-04,1.0083573
2002-10-05,1.0091721
2002-10-06,1.0074735
2002-10-07,1.023153
2002-10-08,1.0132134
2002-10-09,1.0127581
2002-10-10,1.0163491
2002-10-11,1.0134531
2002-10-12,1.0141844
2002-10-13,1.0133204
2002-10-14,1.0124903
2002-10-15,1.0133309
2002-10-16,1.0122033
2002-10-17,1.0126747
2002-10-18,1.0124104
2002-10-19,1.0124295
2002-10-20,1.0122162
2002-10-21,1.0110384
2002-10-22,1.0153873
2002-10-23,1.0132082
2002-10-24,1.0132078
2002-10-25,1.014248
2002-10-26,1.0135546
2002-10-27,1.0132004
2002-10-28,1.0136677
2002-10-29,1.0133505
2002-10-30,1.0133374
2002-10-31,1.013452
2002-11-01,1.0138141
2002-11-02,1.0135342
2002-11-03,1.0134015
2002-11-04,1.0135834
2002-11-05,1.0141826
2002-11-06,1.0137407
2002-11-07,1.0203568
2002-11-08,1.014767
2002-11-09,1.0162868
2002-11-10,1.0157562
2002-11-11,1.0156035
2002-11-12,1.0142353
2002-11-13,1.0151986
2002-11-14,1.0138156
2002-11-15,1.0140976
2002-11-16,1.0143709
2002-11-17,1.0138233
2002-11-18,1.0140975
2002-11-19,1.0140976
2002-11-20,1.0140061
2002-11-21,1.0139178
2002-11-22,1.0136179
2002-11-23,1.0170571
2002-11-24,1.0131191
2002-11-25,1.0145974
2002-11-26,1.0149305
2002-11-27,1.0142151
2002-11-28,1.0150336
2002-11-29,1.014726
2002-11-30,1.0142097
2002-12-01,1.0144653
2002-12-02,1.0144674
2002-12-03,1.014456
2002-12-04,1.014463
2002-12-05,1.0137012
2002-12-06,1.014207
2002-12-07,1.0146401
2002-12-08,1.0132083
2002-12-09,1.0135522
2002-12-10,1.012896
2002-12-11,1.0132185
2002-12-12,1.0143676
2002-12-13,1.0134939
2002-12-14,1.0127515
2002-12-15,1.0135372
2002-12-16,1.0136886
2002-12-17,1.013423
2002-12-18,1.0135493
2002-12-19,1.0134895
2002-12-20,1.0134873
2002-12-21,1.0130694
2002-12-22,1.0133492
2002-12-23,1.0128375
2002-12-24,1.0127746
2002-12-25,1.0168588
2002-12-26,1.0136834
2002-12-27,1.0144383
2002-12-28,1.0140126
2002-12-29,1.014045
2002-12-30,1.0147352
2002-12-31,1.0142639
2003-01-01,1.0140482
2003-01-02,1.0155665
2003-01-03,1.0146248
2003-01-04,1.0139863
2003-01-05,1.0147259
2003-01-06,1.0149797
2003-01-07,1.014564
2003-01-08,1.0153102
2003-01-09,1.0158428
2003-01-10,1.0165389
2003-01-11,1.0151827
2003-01-12,1.0158545
2003-01-13,1.0157582
2003-01-14,1.0155987
2003-01-15,1.0138626
2003-01-16,1.0150709
2003-01-17,1.0155364
2003-01-18,1.0145266
2003-01-19,1.0150441
2003-01-20,1.0152507
2003-01-21,1.0149403
2003-01-22,1.0159869
2003-01-23,1.0153922
2003-01-24,1.0157465
2003-01-25,1.0165372
2003-01-26,1.0158092
2003-01-27,1.0156397
2003-01-28,1.0159953
2003-01-29,1.014847
2003-01-30,1.0154947
2003-01-31,1.0150329
2003-02-01,1.0151253
2003-02-02,1.0159297
2003-02-03,1.0161963
2003-02-04,1.0157503
2003-02-05,1.0147879
2003-02-06,1.0155779
2003-02-07,1.0156425
2003-02-08,1.0153362
2003-02-09,1.0144978
2003-02-10,1.0146476
2003-02-11,1.0150837
2003-02-12,1.013503
2003-02-13,1.0144106
2003-02-14,1.0153403
2003-02-15,1.0144187
2003-02-16,1.0156499
2003-02-17,1.0151365
2003-02-18,1.0150436
2003-02-19,1.0155268
2003-02-20,1.0152354
2003-02-21,1.0152352
2003-02-22,1.0153326
2003-02-23,1.0148561
2003-02-24,1.0151411
2003-02-25,1.0138285
2003-02-26,1.0138781
2003-02-27,1.0147854
2003-02-28,1.0143293
2003-03-01,1.0143311
2003-03-02,1.0135926
2003-03-03,1.0140841
2003-03-04,1.0131147
2003-03-05,1.013597
2003-03-06,1.014095
2003-03-07,1.0147284
2003-03-08,1.0141401
2003-03-09,1.0141009
2003-03-10,1.0143232
2003-03-11,1.0146176
2003-03-12,1.0143471
2003-03-13,1.0139066
2003-03-14,1.0106854
2003-03-15,1.0142952
2003-03-16,1.0131077
2003-03-17,1.0126934
2003-03-18,1.0135812
2003-03-19,1.0131273
2003-03-20,1.0131258
2003-03-21,1.013278
2003-03-22,1.0129989
2003-03-23,1.0126129
2003-03-24,1.0129632
2003-03-25,1.0136838
2003-03-26,1.0130872
2003-03-27,1.0139766
2003-03-28,1.0135826
2003-03-29,1.0136659
2003-03-30,1.0142959
2003-03-31,1.01508
2003-04-01,1.0152935
2003-04-02,1.0148898
2003-04-03,1.0146277
2003-04-04,1.0149372
2003-04-05,1.0144929
2003-04-06,1.0146859
2003-04-07,1.0142764
2003-04-08,1.0139612
2003-04-09,1.0143073
2003-04-10,1.0137314
2003-04-11,1.0139996
2003-04-12,1.0140756
2003-04-13,1.0139358
2003-04-14,1.0157484
2003-04-15,1.014174
2003-04-16,1.0149431
2003-04-17,1.0146555
2003-04-18,1.0145907
2003-04-19,1.0137013
2003-04-20,1.014315
2003-04-21,1.0132233
2003-04-22,1.0137453
2003-04-23,1.0132501
2003-04-24,1.0132729
2003-04-25,1.0134221
2003-04-26,1.0133985
2003-04-27,1.0133646
2003-04-28,1.0129747
2003-04-29,1.013246
2003-04-30,1.012781
2003-05-01,1.0131797
2003-05-02,1.0132945
2003-05-03,1.0132235
2003-05-04,1.0132327
2003-05-05,1.0127276
2003-05-06,1.0130609
2003-05-07,1.0115769
2003-05-08,1.0124549
2003-05-09,1.0123023
2003-05-10,1.0110596
2003-05-11,1.0119385
2003-05-12,1.0118226
2003-05-13,1.0116067
2003-05-14,1.0117939
2003-05-15,1.011741
2003-05-16,1.0127388
2003-05-17,1.0130479
2003-05-18,1.008032
2003-05-19,1.0109246
2003-05-20,1.0106673
2003-05-21,1.0094995
2003-05-22,1.0103632
2003-05-23,1.0097147
2003-05-24,1.009859
2003-05-25,1.0100572
2003-05-26,1.0103542
2003-05-27,1.01009
2003-05-28,1.010192
2003-05-29,1.010212
2003-05-30,1.0103581
2003-05-31,1.0102541
2003-06-01,1.005267
2003-06-02,1.0044794
2003-06-03,1.0074444
2003-06-04,1.0062803
2003-06-05,1.0060673
2003-06-06,0.9994489
2003-06-07,1.0039383
2003-06-08,1.0091286
2003-06-09,1.004171
2003-06-10,1.0017563
2003-06-11,1.0043392
2003-06-12,1.0034217
2003-06-13,1.0021304
2003-06-14,1.0032963
2003-06-15,1.0053022
2003-06-16,1.0035757
2003-06-17,1.0055797
2003-06-18,1.0073545
2003-06-19,1.0078526
2003-06-20,1.0085722
2003-06-21,1.0079267
2003-06-22,1.0078293
2003-06-23,1.0081092
2003-06-24,1.008155
2003-06-25,1.008031
2003-06-26,1.0068138
2003-06-27,1.0097054
2003-06-28,1.0081828
2003-06-29,1.00639
2003-06-30,1.0080929
2003-07-01,1.0119221
2003-07-02,1.0087861
2003-07-03,1.0062547
2003-07-04,1.0235676
2003-07-05,1.0145609
2003-07-06,1.0141095
2003-07-07,1.0173838
2003-07-08,1.0204754
2003-07-09,1.0173135
2003-07-10,1.0172826
2003-07-11,1.0183569
2003-07-12,1.0198961
2003-07-13,1.0184318
2003-07-14,1.0188943
2003-07-15,1.0183351
2003-07-16,1.0185541
2003-07-17,1.017561
2003-07-18,1.0181494
2003-07-19,1.0186248
2003-07-20,1.0177528
2003-07-21,1.0206445
2003-07-22,1.0177466
2003-07-23,1.0187106
2003-07-24,1.0147002
2003-07-25,1.0170482
2003-07-26,1.0139183
2003-07-27,1.0152197
2003-07-28,1.014743
2003-07-29,1.012069
2003-07-30,1.0140074
2003-07-31,1.0107229
2003-08-01,1.0122658
2003-08-02,1.0108061
2003-08-03,1.0112642
2003-08-04,1.0117532
2003-08-05,1.0090479
2003-08-06,1.0123022
2003-08-07,1.0108678
2003-08-08,1.0107358
2003-08-09,1.0132065
2003-08-10,1.0116022
2003-08-11,1.0098592
2003-08-12,1.0115545
2003-08-13,1.009037
2003-08-14,1.0089828
2003-08-15,1.009857
2003-08-16,1.0065726
2003-08-17,1.0084674
2003-08-18,1.0069222
2003-08-19,1.0073196
2003-08-20,1.0065104
2003-08-21,1.0066885
2003-08-22,1.0079211
2003-08-23,1.0048684
2003-08-24,1.0064893
2003-08-25,1.0055966
2003-08-26,1.0056506
2003-08-27,1.0041666
2003-08-28,1.005137
2003-08-29,1.0049525
2003-08-30,1.003616
2003-08-31,1.0045671
2003-09-01,1.0035833
2003-09-02,1.0039215
2003-09-03,1.002848
2003-09-04,1.0034504
2003-09-05,1.0019108
2003-09-06,1.0024354
2003-09-07,1.0050156
2003-09-08,1.0040468
2003-09-09,1.0038304
2003-09-10,1.0036069
2003-09-11,1.003828
2003-09-12,1.0030674
2003-09-13,1.0035007
2003-09-14,1.0027981
2003-09-15,1.0148904
2003-09-16,1.0070306
2003-09-17,1.005347
2003-09-18,1.0090728
2003-09-19,1.0059423
2003-09-20,1.0067847
2003-09-21,1.0127934
2003-09-22,1.0061828
2003-09-23,1.008658
2003-09-24,1.0084368
2003-09-25,1.0077573
2003-09-26,1.0069206
2003-09-27,1.0077035
2003-09-28,1.005164
2003-09-29,1.0065935
2003-09-30,1.0060594
2003-10-01,1.0058746
2003-10-02,1.0061754
2003-10-03,1.0041382
2003-10-04,1.0053949
2003-10-05,1.0177585
2003-10-06,1.0090508
2003-10-07,1.0099643
2003-10-08,1.0097959
2003-10-09,1.0083055
2003-10-10,1.0066968
2003-10-11,1.0082641
2003-10-12,1.0062243
2003-10-13,1.0070603
2003-10-14,1.0065486
2003-10-15,1.0066108
2003-10-16,1.0053118
2003-10-17,1.0053225
2003-10-18,1.0057471
2003-10-19,1.0054673
2003-10-20,1.0055122
2003-10-21,1.0048327
2003-10-22,1.0052714
2003-10-23,1.0054895
2003-10-24,1.0054615
2003-10-25,1.0060309
2003-10-26,1.004707
2003-10-27,1.0053998
2003-10-28,1.0042652
2003-10-29,1.0047905
2003-10-30,1.0048183
2003-10-31,1.0046247
2003-11-01,1.0047445
2003-11-02,1.0047292
2003-11-03,1.0046993
2003-11-04,1.0047241
2003-11-05,1.0047176
2003-11-06,1.0047137
2003-11-07,1.0047184
2003-11-08,1.004996
2003-11-09,1.0018414
2003-11-10,1.0055759
2003-11-11,1.0048488
2003-11-12,1.004089
2003-11-13,1.0054516
2003-11-14,1.0047952
2003-11-15,1.0057877
2003-11-16,1.0053438
2003-11-17,1.006011
2003-11-18,1.0066036
2003-11-19,1.0059849
2003-11-20,1.0077165
2003-11-21,1.0067682
2003-11-22,1.0073208
2003-11-23,1.0072685
2003-11-24,1.007595
2003-11-25,1.0087957
2003-11-26,1.0091788
2003-11-27,1.0095305
2003-11-28,1.0091681
2003-11-29,1.0110798
2003-11-30,1.009925
2003-12-01,1.011318
2003-12-02,1.0107734
2003-12-03,1.0120128
2003-12-04,1.0123073
2003-12-05,1.0116957
2003-12-06,1.0109944
2003-12-07,1.0116655
2003-12-08,1.0131804
2003-12-09,1.0119457
2003-12-10,1.0125101
2003-12-11,1.0135998
2003-12-12,1.0133892
2003-12-13,1.0133989
2003-12-14,1.0134625
2003-12-15,1.0148119
2003-12-16,1.0138903
2003-12-17,1.0141138
2003-12-18,1.0142719
2003-12-19,1.0152631
2003-12-20,1.0158604
2003-12-21,1.0151306
2003-12-22,1.0164981
2003-12-23,1.015829
2003-12-24,1.0159217
2003-12-25,1.0160828
2003-12-26,1.0155288
2003-12-27,1.0159417
2003-12-28,1.0160755
2003-12-29,1.0168333
2003-12-30,1.0162829
2003-12-31,1.0164808
2004-01-01,1.0165321
2004-01-02,1.0154911
2004-01-03,1.016168
2004-01-04,1.015048
2004-01-05,1.014744
2004-01-06,1.0153204
2004-01-07,1.0146189
2004-01-08,1.0148945
2004-01-09,1.0139942
2004-01-10,1.0145022
2004-01-11,1.0140758
2004-01-12,1.0130693
2004-01-13,1.0112673
2004-01-14,1.0127599
2004-01-15,1.0123655
2004-01-16,1.0120509
2004-01-17,1.012392
2004-01-18,1.0118144
2004-01-19,1.0120858
2004-01-20,1.0114429
2004-01-21,1.0116565
2004-01-22,1.0117283
2004-01-23,1.011317
2004-01-24,1.0115674
2004-01-25,1.0113993
2004-01-26,1.011428
2004-01-27,1.0112714
2004-01-28,1.012154
2004-01-29,1.0142001
2004-01-30,1.0130686
2004-01-31,1.0131406
2004-02-01,1.0135336
2004-02-02,1.0132474
2004-02-03,1.0119365
2004-02-04,1.012905
2004-02-05,1.0124186
2004-02-06,1.0122102
2004-02-07,1.0125115
2004-02-08,1.0123194
2004-02-09,1.0123472
2004-02-10,1.011814
2004-02-11,1.01216
2004-02-12,1.011744
2004-02-13,1.011009
2004-02-14,1.0081791
2004-02-15,1.010166
2004-02-16,1.0097843
2004-02-17,1.0098431
2004-02-18,1.0099312
2004-02-19,1.0098749
2004-02-20,1.009883
2004-02-21,1.009376
2004-02-22,1.0099273
2004-02-23,1.0097286
2004-02-24,1.0096217
2004-02-25,1.0097592
2004-02-26,1.0095228
2004-02-27,1.0096346
2004-02-28,1.0100294
2004-02-29,1.0100287
2004-03-01,1.0084267
2004-03-02,1.0105588
2004-03-03,1.0096705
2004-03-04,1.0095513
2004-03-05,1.0099266
2004-03-06,1.0092492
2004-03-07,1.0095761
2004-03-08,1.009108
2004-03-09,1.0094573
2004-03-10,1.0093806
2004-03-11,1.0099103
2004-03-12,1.0095828
2004-03-13,1.0098461
2004-03-14,1.0097798
2004-03-15,1.0099392
2004-03-16,1.0100886
2004-03-17,1.0099393
2004-03-18,1.0095158
2004-03-19,1.0098478
2004-03-20,1.0101833
2004-03-21,1.009849
2004-03-22,1.0095701
2004-03-23,1.0098672
2004-03-24,1.00865
2004-03-25,1.0087712
2004-03-26,1.0090947
2004-03-27,1.0090727
2004-03-28,1.0089796
2004-03-29,1.0086024
2004-03-30,1.0088847
2004-03-31,1.008732
2004-04-01,1.0087396
2004-04-02,1.0024158
2004-04-03,1.0066975
2004-04-04,1.0059456
2004-04-05,1.0061163
2004-04-06,1.0062535
2004-04-07,1.0072576
2004-04-08,1.0065417
2004-04-09,1.0071368
2004-04-10,1.0077994
2004-04-11,1.0071589
2004-04-12,1.0068454
2004-04-13,1.0072675
2004-04-14,1.0060916
2004-04-15,1.0067334
2004-04-16,1.0062283
2004-04-17,1.0070416
2004-04-18,1.0039107
2004-04-19,1.0059255
2004-04-20,1.0056257
2004-04-21,1.0060531
2004-04-22,1.0058681
2004-04-23,1.0073905
2004-04-24,1.0064373
2004-04-25,1.0080479
2004-04-26,1.0076427
2004-04-27,1.0073762
2004-04-28,1.0076618
2004-04-29,1.0075604
2004-04-30,1.0076724
2004-05-01,1.0076314
2004-05-02,1.0075321
2004-05-03,1.0077077
2004-05-04,1.0073336
2004-05-05,1.007537
2004-05-06,1.0075262
2004-05-07,1.0090666
2004-05-08,1.0080425
2004-05-09,1.0081779
2004-05-10,1.0084288
2004-05-11,1.0084572
2004-05-12,1.0082034
2004-05-13,1.0083631
2004-05-14,1.0084406
2004-05-15,1.0083357
2004-05-16,1.0077
2004-05-17,1.0081584
2004-05-18,1.0069646
2004-05-19,1.0074099
2004-05-20,1.0061558
2004-05-21,1.0070484
2004-05-22,1.0068711
2004-05-23,1.0061232
2004-05-24,1.0066805
2004-05-25,1.0064415
2004-05-26,1.006415
2004-05-27,1.007482
2004-05-28,1.0003474
2004-05-29,1.0047452
2004-05-30,1.0061834
2004-05-31,1.0037568
2004-06-01,1.007138
2004-06-02,1.0056913
2004-06-03,1.0065671
2004-06-04,1.0079031
2004-06-05,1.0257245
2004-06-06,1.0128936
2004-06-07,1.0154458
2004-06-08,1.0155501
2004-06-09,1.014627
2004-06-10,1.0159554
2004-06-11,1.0153759
2004-06-12,1.0149912
2004-06-13,1.0197282
2004-06-14,1.0166911
2004-06-15,1.0234559
2004-06-16,1.0199472
2004-06-17,1.0179
2004-06-18,1.0204257
2004-06-19,1.0182986
2004-06-20,1.0171431
2004-06-21,1.0143498
2004-06-22,1.0156887
2004-06-23,1.0157272
2004-06-24,1.0137607
2004-06-25,1.0150578
2004-06-26,1.0132527
2004-06-27,1.0140227
2004-06-28,1.0115681
2004-06-29,1.0105146
2004-06-30,1.0120387
2004-07-01,1.0094033
2004-07-02,1.0106509
2004-07-03,0.9877944
2004-07-04,1.0026828
2004-07-05,1.0014675
2004-07-06,0.9989977
2004-07-07,0.99996597
2004-07-08,1.0010481
2004-07-09,1.0000092
2004-07-10,0.9963703
2004-07-11,0.99914926
2004-07-12,1.003474
2004-07-13,0.99966085
2004-07-14,1.004462
2004-07-15,1.006203
2004-07-16,1.0034391
2004-07-17,1.0066881
2004-07-18,1.0054444
2004-07-19,1.0057243
2004-07-20,1.0059527
2004-07-21,1.0048392
2004-07-22,1.003786
2004-07-23,1.0018089
2004-07-24,1.0007979
2004-07-25,1.0021404
2004-07-26,1.0040786
2004-07-27,1.0023465
2004-07-28,1.0035725
2004-07-29,1.0033346
2004-07-30,1.0035034
2004-07-31,1.010974
2004-08-01,1.0059239
2004-08-02,1.0069798
2004-08-03,1.0079525
2004-08-04,1.0072795
2004-08-05,1.007403
2004-08-06,1.0068823
2004-08-07,1.0071917
2004-08-08,1.00744
2004-08-09,1.0068386
2004-08-10,1.0071561
2004-08-11,1.0064495
2004-08-12,1.006814
2004-08-13,1.0062454
2004-08-14,1.0065027
2004-08-15,1.0057837
2004-08-16,1.006827
2004-08-17,1.006371
2004-08-18,1.0075846
2004-08-19,1.0069274
2004-08-20,1.0073464
2004-08-21,1.0072861
2004-08-22,1.0081133
2004-08-23,1.0072606
2004-08-24,1.0048841
2004-08-25,1.0068084
2004-08-26,1.0063173
2004-08-27,1.007159
2004-08-28,1.0067613
2004-08-29,1.0078886
2004-08-30,1.0072697
2004-08-31,1.0069871
2004-09-01,1.0078499
2004-09-02,1.0073683
2004-09-03,1.0063633
2004-09-04,1.0071924
2004-09-05,1.0048239
2004-09-06,1.0061293
2004-09-07,1.0057613
2004-09-08,1.0061092
2004-09-09,1.0120193
2004-09-10,1.0087291
2004-09-11,1.0089483
2004-09-12,1.0098404
2004-09-13,1.0091723
2004-09-14,1.0087609
2004-09-15,1.0092573
2004-09-16,1.0077083
2004-09-17,1.0088158
2004-09-18,1.0085934
2004-09-19,1.0079507
2004-09-20,1.0084529
2004-09-21,1.0065786
2004-09-22,1.0076603
2004-09-23,1.0068761
2004-09-24,1.0062388
2004-09-25,1.004455
2004-09-26,1.0053763
2004-09-27,1.0053563
2004-09-28,1.0062711
2004-09-29,1.0056679
2004-09-30,1.006602
2004-10-01,1.0061806
2004-10-02,1.0056973
2004-10-03,1.0082211
2004-10-04,1.0066979
2004-10-05,1.0074773
2004-10-06,1.0074649
2004-10-07,1.008588
2004-10-08,1.0078431
2004-10-09,1.0093039
2004-10-10,1.0086901
2004-10-11,1.0073647
2004-10-12,1.0090333
2004-10-13,1.0083629
2004-10-14,1.007641
2004-10-15,1.0083468
2004-10-16,1.0077187
2004-10-17,1.0079023
2004-10-18,1.0072849
2004-10-19,1.0075805
2004-10-20,1.0075892
2004-10-21,1.0076859
2004-10-22,1.0076185
2004-10-23,1.0074207
2004-10-24,1.0075749
2004-10-25,1.0085163
2004-10-26,1.0085543
2004-10-27,1.0136805
2004-10-28,1.0103779
2004-10-29,1.0108683
2004-10-30,1.0120702
2004-10-31,1.0111052
2004-11-01,1.01143
2004-11-02,1.011535
2004-11-03,1.0111511
2004-11-04,1.0117636
2004-11-05,1.0114832
2004-11-06,1.0109895
2004-11-07,1.0114121
2004-11-08,1.010425
2004-11-09,1.0109421
2004-11-10,1.0108147
2004-11-11,1.0107303
2004-11-12,1.0145605
2004-11-13,1.0109897
2004-11-14,1.0120925
2004-11-15,1.0122114
2004-11-16,1.0117643
2004-11-17,1.0120951
2004-11-18,1.0120236
2004-11-19,1.0119609
2004-11-20,1.0120265
2004-11-21,1.0120035
2004-11-22,1.0118248
2004-11-23,1.0119518
2004-11-24,1.0119056
2004-11-25,1.0118942
2004-11-26,1.0117774
2004-11-27,1.0122727
2004-11-28,1.0166398
2004-11-29,1.0132809
2004-11-30,1.014064
2004-12-01,1.0139331
2004-12-02,1.0137595
2004-12-03,1.012694
2004-12-04,1.0134624
2004-12-05,1.012285
2004-12-06,1.0127804
2004-12-07,1.0128429
2004-12-08,1.0121324
2004-12-09,1.0125855
2004-12-10,1.0122389
2004-12-11,1.0123191
2004-12-12,1.0124304
2004-12-13,1.0120382
2004-12-14,1.0134733
2004-12-15,1.0116593
2004-12-16,1.0123901
2004-12-17,1.0116799
2004-12-18,1.0119094
2004-12-19,1.011812
2004-12-20,1.0118003
2004-12-21,1.0108992
2004-12-22,1.0111585
2004-12-23,1.0112859
2004-12-24,1.0108602
2004-12-25,1.0111014
2004-12-26,1.0102575
2004-12-27,1.0107398
2004-12-28,1.0108764
2004-12-29,1.0108768
2004-12-30,1.0116938
2004-12-31,1.0109382
2005-01-01,1.0111698
2005-01-02,1.0113285
2005-01-03,1.0111454
2005-01-04,1.0118649
2005-01-05,1.0114456
2005-01-06,1.0109078
2005-01-07,1.0110708
2005-01-08,1.0111415
2005-01-09,1.0114566
2005-01-10,1.0112228
2005-01-11,1.0111359
2005-01-12,1.0112717
2005-01-13,1.0102341
2005-01-14,1.0110427
2005-01-15,1.01133
2005-01-16,1.0115798
2005-01-17,1.0113173
2005-01-18,1.0109494
2005-01-19,1.0112818
2005-01-20,1.0121436
2005-01-21,1.0114578
2005-01-22,1.0109665
2005-01-23,1.0117784
2005-01-24,1.0114009
2005-01-25,1.0106199
2005-01-26,1.0112664
2005-01-27,1.0114543
2005-01-28,1.0111135
2005-01-29,1.0116665
2005-01-30,1.0113212
2005-01-31,1.0114969
2005-02-01,1.0111006
2005-02-02,1.0113062
2005-02-03,1.0106456
2005-02-04,1.011017
2005-02-05,1.0100207
2005-02-06,1.010561
2005-02-07,1.01095
2005-02-08,1.0104359
2005-02-09,1.010649
2005-02-10,1.0109957
2005-02-11,1.0106934
2005-02-12,1.010706
2005-02-13,1.0107981
2005-02-14,1.010791
2005-02-15,1.0104353
2005-02-16,1.0109216
2005-02-17,1.0102394
2005-02-18,1.0105317
2005-02-19,1.0114622
2005-02-20,1.0107448
2005-02-21,1.0108657
2005-02-22,1.0110244
2005-02-23,1.0105062
2005-02-24,1.0101644
2005-02-25,1.0105641
2005-02-26,1.0098147
2005-02-27,1.0101802
2005-02-28,1.0075141
2005-03-01,1.0091726
2005-03-02,1.0098436
2005-03-03,1.0086929
2005-03-04,1.0173694
2005-03-05,1.013087
2005-03-06,1.0130401
2005-03-07,1.0142095
2005-03-08,1.0134454
2005-03-09,1.0135584
2005-03-10,1.0137377
2005-03-11,1.0136288
2005-03-12,1.013787
2005-03-13,1.0137178
2005-03-14,1.0136534
2005-03-15,1.0137194
2005-03-16,1.0142586
2005-03-17,1.0138772
2005-03-18,1.0145447
2005-03-19,1.0144182
2005-03-20,1.0150069
2005-03-21,1.0154787
2005-03-22,1.0149672
2005-03-23,1.0150113
2005-03-24,1.0151525
2005-03-25,1.0143802
2005-03-26,1.0148481
2005-03-28,1.0143962
2005-03-29,1.0145415
2005-03-30,1.0148643
2005-03-31,1.0146006
2005-04-01,1.0143123
2005-04-02,1.0145924
2005-04-03,1.0145636
2005-04-04,1.0145925
2005-04-05,1.0149616
2005-04-06,1.0149971
2005-04-07,1.0148505
2005-04-08,1.0146533
2005-04-09,1.0148336
2005-04-10,1.013995
2005-04-12,1.0140648
2005-04-13,1.014788
2005-04-14,1.0142833
2005-04-15,1.0141697
2005-04-16,1.0144136
2005-04-17,1.0137734
2005-04-18,1.0141188
2005-04-19,1.014076
2005-04-20,1.0143274
2005-04-21,1.0149425
2005-04-22,1.0146738
2005-04-23,1.0146478
2005-04-24,1.0149279
2005-04-25,1.0147499
2005-04-26,1.0134927
2005-04-27,1.014389
2005-04-28,1.0139321
2005-04-29,1.0132731
2005-04-30,1.0138636
2005-05-01,1.0132158
2005-05-02,1.0134501
2005-05-03,1.0132511
2005-05-04,1.0133057
2005-05-05,1.014059
2005-05-06,1.0137975
2005-05-07,1.0137726
2005-05-08,1.0164589
2005-05-09,1.0146763
2005-05-10,1.0145799
2005-05-11,1.0152375
2005-05-12,1.0176721
2005-05-13,1.0158255
2005-05-14,1.0157346
2005-05-15,1.0163735
2005-05-16,1.015978
2005-05-17,1.0152023
2005-05-18,1.0158511
2005-05-19,1.0156623
2005-05-20,1.0155718
2005-05-21,1.0160604
2005-05-22,1.0147189
2005-05-23,1.0148972
2005-05-24,1.0120747
2005-05-25,1.013899
2005-05-26,1.0132089
2005-05-27,1.0130618
2005-05-28,1.0130098
2005-05-29,1.0130935
2005-05-30,1.0129772
2005-05-31,1.0129461
2005-06-01,1.0130055
2005-06-02,1.0128483
2005-06-03,1.0129331
2005-06-04,1.0108455
2005-06-05,1.0122081
2005-06-06,1.0100622
2005-06-07,1.014307
2005-06-08,1.0148913
2005-06-09,1.0143332
2005-06-10,1.0145106
2005-06-11,1.012556
2005-06-12,1.013799
2005-06-13,1.0131242
2005-06-14,1.0131595
2005-06-15,1.011278
2005-06-16,1.0137467
2005-06-17,1.0127269
2005-06-18,1.0111461
2005-06-19,1.0125384
2005-06-20,1.0108844
2005-06-21,1.0115219
2005-06-22,1.011521
2005-06-23,1.011496
2005-06-24,1.0131896
2005-06-25,1.0111
2005-06-26,1.0119263
2005-06-27,1.0120082
2005-06-28,1.0116781
2005-06-29,1.0117007
2005-06-30,1.0117956
2005-07-01,1.0118394
2005-07-02,1.0098556
2005-07-03,1.0111626
2005-07-04,1.0109252
2005-07-05,1.0106473
2005-07-06,1.0121273
2005-07-07,1.0112306
2005-07-08,1.0106779
2005-07-09,1.0105808
2005-07-10,1.0109566
2005-07-11,1.0109646
2005-07-12,1.0108334
2005-07-13,1.010329
2005-07-14,1.0107089
2005-07-15,1.0085698
2005-07-16,1.0098709
2005-07-17,1.0078093
2005-07-18,1.0077913
2005-07-19,1.0084887
2005-07-20,1.0083255
2005-07-21,1.0082016
2005-07-22,1.0078421
2005-07-23,1.0081229
2005-07-24,1.0070624
2005-07-25,1.0056989
2005-07-26,1.0058517
2005-07-27,1.005544
2005-07-28,1.0056982
2005-07-29,1.00473
2005-07-30,1.0053232
2005-07-31,1.0045108
2005-08-01,1.0048538
2005-08-02,1.0047424
2005-08-03,1.0043018
2005-08-04,1.0046324
2005-08-05,1.0037367
2005-08-06,1.0042235
2005-08-07,1.0026174
2005-08-08,1.0035259
2005-08-09,1.0032203
2005-08-10,1.0031195
2005-08-11,1.0014248
2005-08-12,1.0031133
2005-08-13,1.0025523
2005-08-14,1.0010794
2005-08-15,1.0022475
2005-08-16,1.0013052
2005-08-17,1.0015438
2005-08-18,1.001101
2005-08-19,1.0017731
2005-08-20,1.0014721
2005-08-21,1.0013433
2005-08-22,1.0015291
2005-08-23,0.9840387
2005-08-24,0.99570304
2005-08-25,0.9968306
2005-08-26,0.9949646
2005-08-27,0.9976293
2005-08-28,0.99890524
2005-08-29,0.9971634
2005-08-30,0.99996173
2005-08-31,0.9986756
2005-09-01,0.9998532
2005-09-02,0.99949646
2005-09-03,0.9963109
2005-09-04,0.9992586
2005-09-05,0.998362
2005-09-06,0.9993272
2005-09-07,0.99898344
2005-09-08,0.99925405
2005-09-09,0.99918854
2005-09-10,1.0028297
2005-09-11,1.0010961
2005-09-12,1.0013101
2005-09-13,1.0017138
2005-09-14,1.0013735
2005-09-15,1.0010326
2005-09-16,1.0013728
2005-09-17,1.0007805
2005-09-18,1.0010614
2005-09-19,1.0018204
2005-09-20,1.00202
2005-09-21,1.0016345
2005-09-22,1.0041229
2005-09-23,1.0025898
2005-09-24,1.0032761
2005-09-25,1.0033287
2005-09-26,1.0025287
2005-09-27,1.0047464
2005-09-28,1.0040252
2005-09-29,1.0029353
2005-09-30,1.0039085
2005-10-01,1.0044639
2005-10-02,1.0037732
2005-10-03,1.0035123
2005-10-04,1.0039166
2005-10-05,1.0033504
2005-10-06,1.0032446
2005-10-07,1.0035036
2005-10-08,1.0037624
2005-10-09,1.0035039
2005-10-10,1.0049206
2005-10-11,1.0040616
2005-10-12,1.0076144
2005-10-13,1.0058619
2005-10-14,1.0071882
2005-10-15,1.0061129
2005-10-16,1.0063876
2005-10-17,1.0060883
2005-10-18,1.0061963
2005-10-19,1.006862
2005-10-20,1.0063825
2005-10-21,1.0063069
2005-10-22,1.0066421
2005-10-23,1.0064437
2005-10-24,1.004769
2005-10-25,1.005951
2005-10-26,1.005757
2005-10-27,1.005492
2005-10-28,1.0061845
2005-10-29,1.0067388
2005-10-30,1.0073874
2005-10-31,1.0090148
2005-11-01,1.007712
2005-11-02,1.0084286
2005-11-03,1.0083847
2005-11-04,1.0085403
2005-11-05,1.0084511
2005-11-06,1.0090075
2005-11-07,1.0100025
2005-11-08,1.0091528
2005-11-09,1.011478
2005-11-10,1.0102092
2005-11-11,1.011142
2005-11-12,1.0109423
2005-11-13,1.0107641
2005-11-14,1.0118974
2005-11-15,1.0118773
2005-11-16,1.0104531
2005-11-17,1.0114093
2005-11-18,1.0112466
2005-11-19,1.0110364
2005-11-20,1.0111974
2005-11-21,1.0111603
2005-11-22,1.0113624
2005-11-23,1.0113869
2005-11-24,1.0113031
2005-11-25,1.0112727
2005-11-26,1.0113208
2005-11-27,1.0113996
2005-11-28,1.0113311
2005-11-29,1.0111576
2005-11-30,1.0108865
2005-12-01,1.0115857
2005-12-02,1.0104157
2005-12-03,1.0109632
2005-12-04,1.0111594
2005-12-05,1.010846
2005-12-06,1.0104778
2005-12-07,1.010828
2005-12-08,1.0108886
2005-12-09,1.0114695
2005-12-10,1.0110618
2005-12-11,1.011343
2005-12-12,1.0112914
2005-12-13,1.0109644
2005-12-14,1.0111997
2005-12-15,1.0109019
2005-12-16,1.0106905
2005-12-17,1.0116498
2005-12-18,1.0105544
2005-12-19,1.010965
2005-12-20,1.0111368
2005-12-21,1.0108854
2005-12-22,1.0106657
2005-12-23,1.0108958
2005-12-24,1.009847
2005-12-25,1.0110706
2005-12-26,1.0106044
2005-12-27,1.0112491
2005-12-28,1.0109746
2005-12-29,1.0102658
2005-12-30,1.01083
2005-12-31,1.011369
2006-01-01,1.0114183
2006-01-02,1.0114928
2006-01-03,1.0117888
2006-01-04,1.0115665
2006-01-05,1.011883
2006-01-06,1.011746
2006-01-07,1.0117108
2006-01-08,1.0117799
2006-01-09,1.0122772
2006-01-10,1.0129203
2006-01-11,1.0123258
2006-01-12,1.0123461
2006-01-13,1.0125308
2006-01-14,1.0126585
2006-01-15,1.0125118
2006-01-16,1.0125312
2006-01-17,1.0126961
2006-01-18,1.0128138
2006-01-19,1.0123712
2006-01-20,1.0126271
2006-01-21,1.011715
2006-01-22,1.0122374
2006-01-23,1.0118784
2006-01-24,1.0119435
2006-01-25,1.0115961
2006-01-26,1.0118256
2006-01-27,1.0117882
2006-01-28,1.0115778
2006-01-29,1.0117306
2006-01-30,1.0117596
2006-01-31,1.0116894
2006-02-01,1.0115337
2006-02-02,1.0128266
2006-02-03,1.0123141
2006-02-04,1.0124112
2006-02-05,1.0125172
2006-02-06,1.0120846
2006-02-07,1.0123376
2006-02-08,1.0125242
2006-02-09,1.0123156
2006-02-10,1.0116583
2006-02-11,1.0102311
2006-02-12,1.0113996
2006-02-13,1.0101755
2006-02-14,1.0106014
2006-02-15,1.0110939
2006-02-16,1.0106237
2006-02-17,1.0090089
2006-02-18,1.0102516
2006-02-19,1.0100329
2006-02-20,1.00939
2006-02-21,1.0098917
2006-02-22,1.0093006
2006-02-23,1.0095276
2006-02-24,1.0102357
2006-02-25,1.0096879
2006-02-26,1.010424
2006-02-27,1.0109841
2006-02-28,1.0103645
2006-03-01,1.0101964
2006-03-02,1.0105149
2006-03-03,1.0109041
2006-03-04,1.0105387
2006-03-05,1.011297
2006-03-06,1.0117048
2006-03-07,1.0109296
2006-03-08,1.0108217
2006-03-09,1.0111517
2006-03-10,1.011421
2006-03-11,1.0111314
2006-03-12,1.0116649
2006-03-13,1.0114056
2006-03-14,1.011239
2006-03-15,1.0122249
2006-03-16,1.0116229
2006-03-17,1.0116385
2006-03-18,1.0118285
2006-03-19,1.0106413
2006-03-20,1.0113691
2006-03-21,1.0097638
2006-03-22,1.0103697
2006-03-23,1.0109031
2006-03-24,1.0108925
2006-03-25,1.0107219
2006-03-26,1.0116767
2006-03-27,1.0110971
2006-03-28,1.0104498
2006-03-29,1.0110745
2006-03-30,1.0108471
2006-03-31,1.00949
2006-04-01,1.0104696
2006-04-02,1.0115654
2006-04-03,1.0105076
2006-04-04,1.0112387
2006-04-05,1.0111039
2006-04-06,1.0099906
2006-04-07,1.0105859
2006-04-08,1.0111525
2006-04-09,1.0101486
2006-04-10,1.0106287
2006-04-11,1.0104588
2006-04-12,1.0104119
2006-04-13,1.0097239
2006-04-14,1.0101985
2006-04-15,1.0097967
2006-04-16,1.0091424
2006-04-17,1.0097122
2006-04-18,1.0086323
2006-04-19,1.0091612
2006-04-20,1.008381
2006-04-21,1.0087242
2006-04-22,1.0072591
2006-04-23,1.0086701
2006-04-24,1.0078561
2006-04-25,1.0081793
2006-04-26,1.0082351
2006-04-27,1.0089763
2006-04-28,1.0084634
2006-04-29,1.0079215
2006-04-30,1.0084531
2006-05-01,1.008335
2006-05-02,1.0084493
2006-05-03,1.0084124
2006-05-04,1.0084054
2006-05-05,1.0084224
2006-05-06,1.0091099
2006-05-07,1.0086459
2006-05-08,1.0092077
2006-05-09,1.0108588
2006-05-10,1.010203
2006-05-11,1.0104227
2006-05-12,1.0104945
2006-05-13,1.0097892
2006-05-14,1.0102354
2006-05-15,1.011996
2006-05-16,1.0106739
2006-05-17,1.0109407
2006-05-18,1.0122117
2006-05-19,1.0112755
2006-05-20,1.0091872
2006-05-21,1.0108917
2006-05-22,1.0087262
2006-05-23,1.0096022
2006-05-24,1.0087316
2006-05-25,1.006638
2006-05-26,1.0077741
2006-05-27,1.0071404
2006-05-28,1.0071844
2006-05-29,1.0062702
2006-05-30,1.0068645
2006-05-31,1.0062094
2006-06-01,1.0064477
2006-06-02,1.0061063
2006-06-03,1.0094743
2006-06-04,1.0073403
2006-06-05,1.0065901
2006-06-06,1.0077994
2006-06-07,1.0060228
2006-06-08,1.0068027
2006-06-09,1.0069356
2006-06-10,1.0067539
2006-06-11,1.0075893
2006-06-12,1.0079955
2006-06-13,1.0074452
2006-06-14,1.0062742
2006-06-15,1.0072376
2006-06-16,1.0076603
2006-06-17,1.0070566
2006-06-18,1.0064942
2006-06-19,1.007343
2006-06-20,1.0069647
2006-06-21,1.0063754
2006-06-22,1.0068939
2006-06-23,1.0056062
2006-06-24,1.0062919
2006-06-25,1.0063078
2006-06-26,1.006357
2006-06-27,1.0058571
2006-06-28,1.006561
2006-06-29,1.0062586
2006-06-30,1.006674
2006-07-01,1.0064982
2006-07-02,1.0060773
2006-07-03,1.0064172
2006-07-04,1.0059923
2006-07-05,1.0061623
2006-07-06,1.0061904
2006-07-07,1.0059764
2006-07-08,1.0061095
2006-07-09,1.0060369
2006-07-10,1.0060408
2006-07-11,1.0050495
2006-07-12,1.0054387
2006-07-13,1.0052274
2006-07-14,1.0056344
2006-07-15,1.0054337
2006-07-16,1.0054574
2006-07-17,1.0055085
2006-07-18,1.0060842
2006-07-19,1.0056839
2006-07-20,1.0039479
2006-07-21,1.0086888
2006-07-22,1.0061009
2006-07-23,1.0088032
2006-07-24,1.0078611
2006-07-25,1.0061042
2006-07-26,1.0075877
2006-07-27,1.008977
2006-07-28,1.0085281
2006-07-29,1.0052276
2006-07-30,1.0094756
2006-07-31,1.0077374
2006-08-01,1.0087248
2006-08-02,1.0086442
2006-08-03,1.0094626
2006-08-04,1.0089438
2006-08-05,1.009653
2006-08-06,1.0079489
2006-08-07,1.0088491
2006-08-08,1.0079628
2006-08-09,1.0082533
2006-08-10,1.0131868
2006-08-11,1.0097935
2006-08-12,1.0116919
2006-08-13,1.0113462
2006-08-14,1.011
2006-08-15,1.0107776
2006-08-16,1.011041
2006-08-17,1.0107999
2006-08-18,1.0108726
2006-08-19,1.008804
2006-08-20,1.0101571
2006-08-21,1.0087538
2006-08-22,1.0085698
2006-08-23,1.0091592
2006-08-24,1.0080471
2006-08-25,1.0085912
2006-08-26,1.0097098
2006-08-27,1.0087818
2006-08-28,1.008617
2006-08-29,1.0057681
2006-08-30,1.0080895
2006-08-31,1.0075705
2006-09-01,1.007148
2006-09-02,1.0067009
2006-09-03,1.0071397
2006-09-04,1.0061597
2006-09-05,1.0066663
2006-09-06,1.0063486
2006-09-07,1.0050209
2006-09-08,1.006012
2006-09-09,1.0044866
2006-09-10,1.0051724
2006-09-11,1.0032291
2006-09-12,1.0042976
2006-09-13,1.0034297
2006-09-14,1.001709
2006-09-15,1.0031449
2006-09-16,1.003083
2006-09-17,1.002646
2006-09-18,1.0026464
2006-09-19,1.0027918
2006-09-20,1.002133
2006-09-21,1.0025237
2006-09-22,1.0016489
2006-09-23,1.0029559
2006-09-24,1.0023752
2006-09-25,1.0024915
2006-09-26,1.0026073
2006-09-27,1.0094049
2006-09-28,1.0048187
2006-09-29,1.0049319
2006-09-30,1.0050579
2006-10-01,1.0033556
2006-10-02,1.002922
2006-10-03,1.0037768
2006-10-04,1.0050894
2006-10-05,1.003929
2006-10-06,1.0027032
2006-10-07,1.0039064
2006-10-08,1.0026287
2006-10-09,1.0041307
2006-10-10,1.0035548
2006-10-11,1.0045062
2006-10-12,1.0040638
2006-10-13,1.0049961
2006-10-14,1.0045221
2006-10-15,1.0046927
2006-10-16,1.005211
2006-10-17,1.0030329
2006-10-18,1.0038108
2006-10-19,1.0040178
2006-10-20,1.003297
2006-10-21,1.0037085
2006-10-22,1.0027872
2006-10-23,1.0032641
2006-10-24,1.0027521
2006-10-25,1.0027677
2006-10-26,1.0029279
2006-10-27,1.0032916
2006-10-28,1.0029957
2006-10-29,1.003745
2006-10-30,1.003344
2006-10-31,1.0028613
2006-11-01,1.0033996
2006-11-02,1.0049821
2006-11-03,1.0045496
2006-11-04,1.0043101
2006-11-05,1.0056413
2006-11-06,1.0048323
2006-11-07,1.0079137
2006-11-08,1.0061251
2006-11-09,1.0068448
2006-11-10,1.0087006
2006-11-11,1.0072209
2006-11-12,1.0094179
2006-11-13,1.0084445
2006-11-14,1.0095426
2006-11-15,1.009134
2006-11-16,1.0095879
2006-11-17,1.0107081
2006-11-18,1.0098089
2006-11-19,1.0100348
2006-11-20,1.0101836
2006-11-21,1.0116299
2006-11-22,1.0106148
2006-11-23,1.0118865
2006-11-24,1.0113758
2006-11-25,1.0122757
2006-11-26,1.0131294
2006-11-27,1.0122584
2006-11-28,1.0129422
2006-11-29,1.0127761
2006-11-30,1.0130159
2006-12-01,1.0129113
2006-12-02,1.0131974
2006-12-03,1.0138158
2006-12-04,1.0138855
2006-12-05,1.0138639
2006-12-06,1.013855
2006-12-07,1.0139849
2006-12-08,1.0139011
2006-12-09,1.01424
2006-12-10,1.0140418
2006-12-11,1.0133078
2006-12-12,1.0142776
2006-12-13,1.0138757
2006-12-14,1.0138173
2006-12-15,1.0139899
2006-12-16,1.0128248
2006-12-17,1.0135435
2006-12-18,1.01273
2006-12-19,1.0137466
2006-12-20,1.0143244
2006-12-21,1.0140281
2006-12-22,1.014033
2006-12-23,1.0137753
2006-12-24,1.0139455
2006-12-25,1.0140989
2006-12-26,1.0139399
2006-12-27,1.0142738
2006-12-28,1.0140921
2006-12-29,1.0141019
2006-12-30,1.0145563
2006-12-31,1.0142502
2007-01-01,1.0134566
2007-01-02,1.0140878
2007-01-03,1.0126532
2007-01-04,1.0134532
2007-01-05,1.0135074
2007-01-06,1.0125937
2007-01-07,1.013185
2007-01-08,1.012426
2007-01-09,1.012735
2007-01-10,1.0114788
2007-01-11,1.0122125
2007-01-12,1.0120964
2007-01-13,1.0114108
2007-01-14,1.0119061
2007-01-15,1.0116858
2007-01-16,1.0116675
2007-01-17,1.0106801
2007-01-18,1.0113446
2007-01-19,1.0109739
2007-01-20,1.0107988
2007-01-21,1.0107255
2007-01-22,1.0107186
2007-01-23,1.0107476
2007-01-24,1.0100653
2007-01-25,1.0105102
2007-01-26,1.0102826
2007-01-27,1.010286
2007-01-28,1.0099453
2007-01-29,1.0100232
2007-01-30,1.0100845
2007-01-31,1.0100636
2007-02-01,1.0100572
2007-02-02,1.0075222
2007-02-03,1.0092111
2007-02-04,1.0089996
2007-02-05,1.0090265
2007-02-06,1.0090495
2007-02-07,1.0083367
2007-02-08,1.008804
2007-02-09,1.0085932
2007-02-10,1.0085778
2007-02-11,1.0092698
2007-02-12,1.0088134
2007-02-13,1.0087874
2007-02-14,1.009783
2007-02-15,1.0091277
2007-02-16,1.0092276
2007-02-17,1.0093794
2007-02-18,1.0092058
2007-02-19,1.0092709
2007-02-20,1.0092522
2007-02-21,1.00998
2007-02-22,1.0092058
2007-02-23,1.0095756
2007-02-24,1.009587
2007-02-25,1.0099424
2007-02-26,1.0097016
2007-02-27,1.0100856
2007-02-28,1.0099097
2007-03-01,1.0102657
2007-03-02,1.0106645
2007-03-03,1.0102801
2007-03-04,1.0101842
2007-03-05,1.0103762
2007-03-06,1.0099396
2007-03-07,1.0101665
2007-03-08,1.0101019
2007-03-09,1.010293
2007-03-10,1.0101466
2007-03-11,1.0104339
2007-03-12,1.0102912
2007-03-13,1.0102707
2007-03-14,1.0103319
2007-03-15,1.0097957
2007-03-16,1.0101326
2007-03-17,1.009941
2007-03-18,1.0104313
2007-03-19,1.0101683
2007-03-20,1.0107251
2007-03-21,1.010442
2007-03-22,1.0102956
2007-03-23,1.0104876
2007-03-24,1.0102367
2007-03-25,1.010408
2007-03-26,1.0101254
2007-03-27,1.009092
2007-03-28,1.0098742
2007-03-29,1.0099208
2007-03-30,1.0096289
2007-03-31,1.009596
2007-04-01,1.0097152
2007-04-02,1.0096905
2007-04-03,1.0102822
2007-04-04,1.0098963
2007-04-05,1.0105757
2007-04-06,1.0102516
2007-04-07,1.0106465
2007-04-08,1.0104911
2007-04-09,1.0104474
2007-04-10,1.0102676
2007-04-11,1.0099946
2007-04-12,1.0101844
2007-04-13,1.0101488
2007-04-14,1.0099263
2007-04-15,1.0100864
2007-04-16,1.0101529
2007-04-17,1.0100552
2007-04-18,1.0093422
2007-04-19,1.0097696
2007-04-20,1.0097221
2007-04-21,1.0099832
2007-04-22,1.0098249
2007-04-23,1.0095836
2007-04-24,1.0097972
2007-04-25,1.010439
2007-04-26,1.009991
2007-04-27,1.010045
2007-04-28,1.0095115
2007-04-29,1.0098492
2007-04-30,1.0099783
2007-05-01,1.0097796
2007-05-02,1.0092705
2007-05-03,1.0096754
2007-05-04,1.0090114
2007-05-05,1.0080441
2007-05-06,1.0089084
2007-05-07,1.0089188
2007-05-08,1.0086234
2007-05-09,1.0087111
2007-05-10,1.008751
2007-05-11,1.0086303
2007-05-12,1.008706
2007-05-13,1.0099438
2007-05-14,1.009006
2007-05-15,1.0092187
2007-05-16,1.0104669
2007-05-17,1.0095628
2007-05-18,1.0097691
2007-05-19,1.0099325
2007-05-20,1.0043675
2007-05-21,1.009017
2007-05-22,1.00777
2007-05-23,1.0077556
2007-05-24,1.0081806
2007-05-25,1.008558
2007-05-26,1.0081649
2007-05-27,1.0079451
2007-05-28,1.0087157
2007-05-29,1.0090804
2007-05-30,1.0087326
2007-05-31,1.008843
2007-06-01,1.0086826
2007-06-02,1.0087526
2007-06-03,1.0087563
2007-06-04,1.0087305
2007-06-05,1.008839
2007-06-06,1.0089006
2007-06-07,1.0088233
2007-06-08,1.0088646
2007-06-09,1.0088629
2007-06-10,1.0084897
2007-06-11,1.0087389
2007-06-12,1.0090015
2007-06-13,1.0084876
2007-06-14,1.008435
2007-06-15,1.0087721
2007-06-16,1.0085647
2007-06-17,1.0099503
2007-06-18,1.0090961
2007-06-19,1.0117878
2007-06-20,1.0102724
2007-06-21,1.0112419
2007-06-22,1.0120778
2007-06-23,1.011197
2007-06-24,1.0115972
2007-06-25,1.0116239
2007-06-26,1.0110075
2007-06-27,1.0114093
2007-06-28,1.0102655
2007-06-29,1.0103546
2007-06-30,1.0112237
2007-07-01,1.0101153
2007-07-02,1.0105642
2007-07-03,1.0105044
2007-07-04,1.0103946
2007-07-05,1.015969
2007-07-06,1.0122806
2007-07-07,1.0128311
2007-07-08,1.0138366
2007-07-09,1.0129821
2007-07-10,1.014316
2007-07-11,1.0137098
2007-07-12,1.0130559
2007-07-13,1.0136923
2007-07-14,1.0145202
2007-07-15,1.013095
2007-07-16,0.9965517
2007-07-17,1.0085115
2007-07-18,1.0061055
2007-07-19,1.0058017
2007-07-20,1.0068092
2007-07-21,1.0066215
2007-07-22,1.0064124
2007-07-23,1.0052125
2007-07-24,1.0101551
2007-07-25,1.0072566
2007-07-26,1.0077665
2007-07-27,1.0083913
2007-07-28,1.0067985
2007-07-29,1.0076507
2007-07-30,1.0069937
2007-07-31,1.0074064
2007-08-01,1.005038
2007-08-02,1.0092926
2007-08-03,1.0072488
2007-08-04,1.0076274
2007-08-05,1.0080562
2007-08-06,1.0061151
2007-08-07,1.007264
2007-08-08,1.0058258
2007-08-09,1.0071712
2007-08-10,1.0067538
2007-08-11,1.0048724
2007-08-12,1.0062649
2007-08-13,1.0056726
2007-08-14,1.005603
2007-08-15,1.0058585
2007-08-16,1.004923
2007-08-17,1.0060314
2007-08-18,1.0056108
2007-08-19,1.005522
2007-08-20,1.0043699
2007-08-21,1.0051663
2007-08-22,1.0049398
2007-08-23,1.0048248
2007-08-24,1.0165133
2007-08-25,1.0071304
2007-08-26,1.0094243
2007-08-27,1.0086988
2007-08-28,1.008416
2007-08-29,1.0077744
2007-08-30,1.0082961
2007-08-31,1.0052215
2007-09-01,1.0059993
2007-09-02,1.0061615
2007-09-03,1.0029762
2007-09-04,1.0050445
2007-09-05,1.0042045
2007-09-06,1.0040748
2007-09-07,1.0031309
2007-09-08,1.0038029
2007-09-09,1.0035679
2007-09-10,1.0038091
2007-09-11,1.0037267
2007-09-12,1.005067
2007-09-13,1.0042006
2007-09-14,1.0005664
2007-09-15,1.003277
2007-09-16,1.0028528
2007-09-17,1.0029771
2007-09-18,1.0027002
2007-09-19,1.0028034
2007-09-20,1.0028269
2007-09-21,1.002478
2007-09-22,1.0027026
2007-09-23,1.0020692
2007-09-24,1.0024164
2007-09-25,1.0025765
2007-09-26,0.9924049
2007-09-27,0.999143
2007-09-28,0.9965741
2007-09-29,0.9960447
2007-09-30,0.99906516
2007-10-01,0.9972291
2007-10-02,0.99852675
2007-10-03,1.0001022
2007-10-04,0.9991977
2007-10-05,0.9955683
2007-10-06,0.9982931
2007-10-07,0.9986856
2007-10-08,0.9975175
2007-10-09,0.9979442
2007-10-10,0.99804944
2007-10-11,0.9987631
2007-10-12,0.99871635
2007-10-13,0.99850976
2007-10-14,1.001443
2007-10-15,0.9995564
2007-10-16,1.000767
2007-10-17,1.0005889
2007-10-18,1.0014642
2007-10-19,1.0027248
2007-10-20,1.0030508
2007-10-21,1.0057902
2007-10-22,1.0038548
2007-10-23,1.0046037
2007-10-24,1.0047493
2007-10-25,1.0056107
2007-10-26,1.0049877
2007-10-27,1.0069449
2007-10-28,1.0072837
2007-10-29,1.0064039
2007-10-30,1.0080364
2007-10-31,1.0072408
2007-11-01,1.007091
2007-11-02,1.0074558
2007-11-03,1.0091287
2007-11-04,1.0091428
2007-11-05,1.0106666
2007-11-06,1.0111119
2007-11-07,1.0103054
2007-11-08,1.0122921
2007-11-09,1.0112336
2007-11-10,1.0125327
2007-11-11,1.0120177
2007-11-12,1.0129356
2007-11-13,1.0119967
2007-11-14,1.0123166
2007-11-15,1.0143081
2007-11-16,1.0128709
2007-11-17,1.0132256
2007-11-18,1.0134673
2007-11-19,1.0131042
2007-11-20,1.0138147
2007-11-21,1.0153928
2007-11-22,1.0139942
2007-11-23,1.0144001
2007-11-24,1.0143964
2007-11-25,1.0142635
2007-11-26,1.01428
2007-11-27,1.0143132
2007-11-28,1.0142856
2007-11-29,1.0142928
2007-11-30,1.0142972
2007-12-01,1.0141587
2007-12-02,1.0142496
2007-12-03,1.0145305
2007-12-04,1.0143129
2007-12-05,1.0143642
2007-12-06,1.0160081
2007-12-07,1.0163546
2007-12-08,1.0145979
2007-12-09,1.0156537
2007-12-10,1.0151312
2007-12-11,1.0151275
2007-12-12,1.0144204
2007-12-13,1.0148928
2007-12-14,1.0153211
2007-12-15,1.01517
2007-12-16,1.0151278
2007-12-17,1.0156654
2007-12-18,1.015321
2007-12-19,1.0148106
2007-12-20,1.0152658
2007-12-21,1.0151978
2007-12-22,1.0151844
2007-12-23,1.0146738
2007-12-24,1.0146999
2007-12-25,1.0148528
2007-12-26,1.0151207
2007-12-27,1.0148911
2007-12-28,1.014934
2007-12-29,1.014982
2007-12-30,1.015448
2007-12-31,1.0155832
2008-01-01,1.0153372
2008-01-02,1.0158933
2008-01-03,1.0156043
2008-01-04,1.0158026
2008-01-05,1.0157666
2008-01-06,1.01579
2008-01-07,1.016365
2008-01-08,1.0152506
2008-01-09,1.0152262
2008-01-10,1.0156144
2008-01-11,1.0157709
2008-01-12,1.0155371
2008-01-13,1.0153902
2008-01-14,1.015566
2008-01-15,1.0148438
2008-01-16,1.0159981
2008-01-17,1.0154691
2008-01-18,1.0158932
2008-01-19,1.0157868
2008-01-20,1.0154712
2008-01-21,1.0157171
2008-01-22,1.0152552
2008-01-23,1.0161844
2008-01-24,1.0155743
2008-01-25,1.0148169
2008-01-26,1.0155251
2008-01-27,1.015096
2008-01-28,1.0151459
2008-01-29,1.0145481
2008-01-30,1.0149298
2008-01-31,1.014281
2008-02-01,1.0148478
2008-02-02,1.014686
2008-02-03,1.0141616
2008-02-04,1.014565
2008-02-05,1.0148404
2008-02-06,1.0145226
2008-02-07,1.0148183
2008-02-08,1.0147626
2008-02-09,1.0145451
2008-02-10,1.0146441
2008-02-11,1.0146506
2008-02-12,1.014003
2008-02-13,1.0144318
2008-02-14,1.0131108
2008-02-15,1.0138483
2008-02-16,1.0141764
2008-02-17,1.0146512
2008-02-18,1.0142252
2008-02-19,1.0144717
2008-02-20,1.0144494
2008-02-21,1.0150647
2008-02-22,1.0146619
2008-02-23,1.0149151
2008-02-24,1.0149766
2008-02-25,1.014767
2008-02-26,1.0156151
2008-02-27,1.0151196
2008-02-28,1.015204
2008-02-29,1.0153129
2008-03-01,1.0149499
2008-03-02,1.0151557
2008-03-03,1.0150189
2008-03-04,1.0156971
2008-03-05,1.0152904
2008-03-06,1.0151469
2008-03-07,1.015378
2008-03-08,1.014778
2008-03-09,1.015101
2008-03-10,1.0146872
2008-03-11,1.0134939
2008-03-12,1.0138277
2008-03-13,1.0141304
2008-03-14,1.0138174
2008-03-15,1.0145408
2008-03-16,1.0141636
2008-03-17,1.013528
2008-03-18,1.0140777
2008-03-19,1.0140098
2008-03-20,1.0139891
2008-03-21,1.0140253
2008-03-22,1.0133464
2008-03-23,1.0137869
2008-03-24,1.0134796
2008-03-25,1.0135375
2008-03-26,1.011432
2008-03-27,1.0114433
2008-03-28,1.0122815
2008-03-29,1.0124795
2008-03-30,1.0120684
2008-03-31,1.0128766
2008-04-01,1.012475
2008-04-02,1.0131739
2008-04-03,1.0128419
2008-04-04,1.0127836
2008-04-05,1.0137128
2008-04-06,1.0131124
2008-04-07,1.0137473
2008-04-08,1.0135239
2008-04-09,1.0132837
2008-04-10,1.0135185
2008-04-11,1.0138462
2008-04-12,1.0136967
2008-04-13,1.0136372
2008-04-14,1.0148027
2008-04-15,1.0140455
2008-04-16,1.0137465
2008-04-17,1.0141982
2008-04-18,1.0122687
2008-04-19,1.0134027
2008-04-20,1.0124295
2008-04-21,1.0120174
2008-04-22,1.0126148
2008-04-23,1.0116284
2008-04-24,1.0120864
2008-04-25,1.0133052
2008-04-26,1.0123398
2008-04-27,1.0127709
2008-04-28,1.0133768
2008-04-29,1.0136604
2008-04-30,1.0141793
2008-05-01,1.0137392
2008-05-02,1.0141253
2008-05-03,1.0140148
2008-05-04,1.0129101
2008-05-05,1.0136833
2008-05-06,1.011376
2008-05-07,1.0107943
2008-05-08,1.0119481
2008-05-09,1.0099006
2008-05-10,1.0108801
2008-05-11,1.0102217
2008-05-12,1.010334
2008-05-13,1.009013
2008-05-14,1.0082597
2008-05-15,1.0082358
2008-05-16,1.0053921
2008-05-17,1.0072944
2008-05-18,1.0078241
2008-05-19,1.0068359
2008-05-20,1.0073858
2008-05-21,1.0073485
2008-05-22,1.0076469
2008-05-23,1.0083277
2008-05-24,1.0077739
2008-05-25,1.0097451
2008-05-26,1.0086143
2008-05-27,1.0082498
2008-05-28,1.0088695
2008-05-29,1.0087261
2008-05-30,1.0097517
2008-05-31,1.009166
2008-06-01,1.0145226
2008-06-02,1.0111418
2008-06-03,1.0105214
2008-06-04,1.0120587
2008-06-05,1.0109677
2008-06-06,1.0111822
2008-06-07,1.010778
2008-06-08,1.0103431
2008-06-09,1.0107677
2008-06-10,1.0123856
2008-06-11,1.0111654
2008-06-12,1.0185156
2008-06-13,1.0140082
2008-06-14,1.0157707
2008-06-15,1.015455
2008-06-16,1.0253706
2008-06-17,1.0192316
2008-06-18,1.019987
2008-06-19,1.018465
2008-06-20,1.0192273
2008-06-21,1.0249743
2008-06-22,1.020878
2008-06-23,1.0181595
2008-06-24,1.0175254
2008-06-25,1.0188496
2008-06-26,1.0154917
2008-06-27,1.017286
2008-06-28,1.0125866
2008-06-29,1.0151194
2008-06-30,1.0109804
2008-07-01,1.0114876
2008-07-02,1.0158671
2008-07-03,1.0129318
2008-07-04,1.0134283
2008-07-05,1.0116017
2008-07-06,1.0126531
2008-07-07,1.0106918
2008-07-08,1.011647
2008-07-09,1.0092528
2008-07-10,1.0095258
2008-07-11,1.010139
2008-07-12,1.0091078
2008-07-13,1.0095903
2008-07-14,1.0086828
2008-07-15,1.0091267
2008-07-16,1.0078194
2008-07-17,1.0072957
2008-07-18,1.0079972
2008-07-19,1.0072026
2008-07-20,1.0074985
2008-07-21,1.0074177
2008-07-22,1.0073727
2008-07-23,1.0077826
2008-07-24,1.0075245
2008-07-25,1.0079093
2008-07-26,0.99493885
2008-07-27,1.0034646
2008-07-28,1.0019294
2008-07-29,1.0001154
2008-07-30,1.0018082
2008-07-31,1.0012851
2008-08-01,1.0012072
2008-08-02,1.0020866
2008-08-03,1.0003438
2008-08-04,0.9939684
2008-08-05,0.99882215
2008-08-06,0.998175
2008-08-07,0.99699867
2008-08-08,0.9994201
2008-08-09,0.9981991
2008-08-10,0.9975212
2008-08-11,0.9990758
2008-08-12,0.9982658
2008-08-13,0.9996579
2008-08-14,0.99899966
2008-08-15,1.0003003
2008-08-16,0.99965274
2008-08-17,0.9993541
2008-08-18,0.9996033
2008-08-19,1.0001636
2008-08-20,1.0011532
2008-08-21,1.0003059
2008-08-22,1.0001005
2008-08-23,1.0005195
2008-08-24,1.00527
2008-08-25,1.0019602
2008-08-26,1.0024
2008-08-27,1.0029497
2008-08-28,1.0024331
2008-08-29,1.002377
2008-08-30,1.0025848
2008-08-31,1.0017279
2008-09-01,1.0022295
2008-09-02,1.0017515
2008-09-03,1.0047054
2008-09-04,1.0043753
2008-09-05,1.0032375
2008-09-06,1.0041047
2008-09-07,1.003523
2008-09-08,1.0036211
2008-09-09,1.0049455
2008-09-10,1.0040288
2008-09-11,1.0031602
2008-09-12,1.0030094
2008-09-13,1.0033985
2008-09-14,1.0031185
2008-09-15,1.0031754
2008-09-16,1.0042955
2008-09-17,1.0035295
2008-09-18,1.0030378
2008-09-19,1.0038372
2008-09-20,1.0051386
2008-09-21,1.0030857
2008-09-22,1.0040184
2008-09-23,1.0028563
2008-09-24,1.0033197
2008-09-26,1.003398
2008-09-27,1.003907
2008-09-28,1.0013137
2008-09-29,1.0028725
2008-09-30,1.0025983
2008-10-01,1.0022616
2008-10-02,1.0013444
2008-10-03,1.0020688
2008-10-04,1.0028726
2008-10-05,1.0022919
2008-10-06,1.0033143
2008-10-07,1.003442
2008-10-08,1.0030161
2008-10-09,1.0027903
2008-10-10,1.0030824
2008-10-11,1.0041246
2008-10-12,1.003332
2008-10-13,1.0051591
2008-10-14,1.0044372
2008-10-15,1.0043094
2008-10-16,0.9953902
2008-10-17,1.0013771
2008-10-18,1.0009422
2008-10-19,0.99923694
2008-10-20,1.0011523
2008-10-21,1.0014158
2008-10-22,1.0028645
2008-10-23,1.0025429
2008-10-24,1.002273
2008-10-25,1.0044366
2008-10-26,1.0030843
2008-10-27,1.0041564
2008-10-28,1.0038925
2008-10-29,1.0041809
2008-10-30,1.0042479
2008-10-31,1.0041071
2008-11-01,1.0051744
2008-11-02,1.0045094
2008-11-03,1.0060786
2008-11-04,1.0052533
2008-11-05,1.007848
2008-11-06,1.0087426
2008-11-07,1.0094124
2008-11-08,1.0091172
2008-11-09,1.0090905
2008-11-10,1.0098736
2008-11-11,1.0093595
2008-11-12,1.0097142
2008-11-13,1.0096487
2008-11-14,1.0097033
2008-11-15,1.0109973
2008-11-16,1.0101153
2008-11-17,1.0110955
2008-11-18,1.0107355
2008-11-19,1.0119921
2008-11-20,1.0112736
2008-11-21,1.0092577
2008-11-22,1.010806
2008-11-23,1.0104296
2008-11-24,1.0105488
2008-11-25,1.0105947
2008-11-26,1.011369
2008-11-27,1.0108374
2008-11-28,1.010883
2008-11-29,1.0110297
2008-11-30,1.0109695
2008-12-01,1.0124036
2008-12-02,1.0114672
2008-12-03,1.0125575
2008-12-04,1.0121424
2008-12-05,1.0116997
2008-12-06,1.0121337
2008-12-07,1.0120715
2008-12-08,1.0129691
2008-12-09,1.0134419
2008-12-10,1.0123143
2008-12-11,1.0129083
2008-12-12,1.0122082
2008-12-13,1.0124769
2008-12-14,1.0122575
2008-12-15,1.0123142
2008-12-16,1.0123763
2008-12-17,1.0122651
2008-12-18,1.0123185
2008-12-19,1.0112582
2008-12-20,1.011947
2008-12-21,1.0112867
2008-12-22,1.0114971
2008-12-23,1.0121655
2008-12-24,1.0116954
2008-12-25,1.0117162
2008-12-26,1.0116462
2008-12-27,1.011686
2008-12-28,1.010265
2008-12-29,1.0111988
2008-12-30,1.0118861
2008-12-31,1.0111163
2009-01-01,1.0118313
2009-01-02,1.0113918
2009-01-03,1.0114464
2009-01-04,1.0114924
2009-01-05,1.0114435
2009-01-06,1.0114737
2009-01-07,1.01147
2009-01-08,1.0106959
2009-01-09,1.0112746
2009-01-10,1.0113856
2009-01-11,1.0117108
2009-01-12,1.0114568
2009-01-13,1.0116209
2009-01-14,1.011596
2009-01-15,1.0110816
2009-01-16,1.0114325
2009-01-17,1.0110079
2009-01-18,1.0117317
2009-01-19,1.0113903
2009-01-20,1.0117552
2009-01-21,1.0116255
2009-01-22,1.0108683
2009-01-23,1.0114162
2009-01-24,1.0115536
2009-01-25,1.0110191
2009-01-26,1.0104215
2009-01-27,1.0106279
2009-01-28,1.0106893
2009-01-29,1.0086403
2009-01-30,1.0099835
2009-01-31,1.00947
2009-02-01,1.0093639
2009-02-02,1.0100436
2009-02-03,1.0104367
2009-02-04,1.009948
2009-02-05,1.0108391
2009-02-06,1.010408
2009-02-07,1.0095664
2009-02-08,1.0102705
2009-02-09,1.0098444
2009-02-10,1.0108482
2009-02-11,1.0102471
2009-02-12,1.0102353
2009-02-13,1.0104434
2009-02-14,1.009714
2009-02-15,1.0101308
2009-02-16,1.0104622
2009-02-17,1.0101025
2009-02-18,1.010299
2009-02-19,1.0086924
2009-02-20,1.009697
2009-02-21,1.0091017
2009-02-22,1.0091633
2009-02-23,1.0091034
2009-02-24,1.0091228
2009-02-25,1.0091372
2009-02-26,1.0090955
2009-02-27,1.0092621
2009-02-28,1.0088719
2009-03-01,1.0090765
2009-03-02,1.0083301
2009-03-03,1.008759
2009-03-04,1.0085329
2009-03-05,1.0085406
2009-03-06,1.0086308
2009-03-07,1.0080822
2009-03-08,1.008418
2009-03-09,1.0089623
2009-03-10,1.0084872
2009-03-11,1.0079216
2009-03-12,1.0084566
2009-03-13,1.0082213
2009-03-14,1.0085218
2009-03-15,1.0091004
2009-03-16,1.0078436
2009-03-17,1.0084884
2009-03-18,1.009584
2009-03-19,1.0086391
2009-03-20,1.0090584
2009-03-21,1.009094
2009-03-22,1.0089948
2009-03-23,1.0096437
2009-03-24,1.0092443
2009-03-25,1.0088118
2009-03-26,1.0092328
2009-03-27,1.0082173
2009-03-28,1.0087533
2009-03-29,1.0085708
2009-03-30,1.0086256
2009-03-31,1.0093066
2009-04-01,1.0089704
2009-04-02,1.0089675
2009-04-03,1.009216
2009-04-04,1.0090513
2009-04-05,1.0099766
2009-04-06,1.0094146
2009-04-07,1.0097053
2009-04-08,1.0096686
2009-04-09,1.0095961
2009-04-10,1.0100818
2009-04-11,1.0097821
2009-04-12,1.0095663
2009-04-13,1.0098101
2009-04-14,1.0088117
2009-04-15,1.0097457
2009-04-16,1.0107367
2009-04-17,1.0105678
2009-04-18,1.0103503
2009-04-19,1.0101972
2009-04-20,1.0103718
2009-04-21,1.0096352
2009-04-22,1.0100682
2009-04-23,1.009819
2009-04-24,1.0107356
2009-04-25,1.0102077
2009-04-26,1.0105155
2009-04-27,1.0104861
2009-04-28,1.0099301
2009-04-29,1.0103108
2009-04-30,1.011083
2009-05-01,1.0110377
2009-05-02,1.0113459
2009-05-03,1.0116793
2009-05-04,1.0113537
2009-05-05,1.0115665
2009-05-06,1.011533
2009-05-07,1.0102177
2009-05-08,1.0111041
2009-05-09,1.0106684
2009-05-10,1.0096984
2009-05-11,1.0104901
2009-05-12,1.0097567
2009-05-13,1.0099814
2009-05-14,1.0100594
2009-05-15,1.0099326
2009-05-16,1.009985
2009-05-17,1.009216
2009-05-18,1.0107831
2009-05-19,1.0105698
2009-05-20,1.0101888
2009-05-21,1.0093558
2009-05-22,1.0100371
2009-05-23,1.0104239
2009-05-24,1.0099388
2009-05-25,1.0096548
2009-05-26,1.0092162
2009-05-27,1.0096029
2009-05-28,1.0088068
2009-05-29,1.0092083
2009-05-30,1.0089169
2009-05-31,1.0089772
2009-06-01,1.007907
2009-06-02,1.0084039
2009-06-03,1.0090152
2009-06-04,1.0079836
2009-06-05,1.0084676
2009-06-06,1.0058501
2009-06-07,1.007435
2009-06-08,1.0079718
2009-06-09,1.0070862
2009-06-10,1.0058151
2009-06-11,1.0079436
2009-06-12,1.0069479
2009-06-13,1.0077034
2009-06-14,1.0075316
2009-06-15,1.0080886
2009-06-16,1.007773
2009-06-17,1.0069242
2009-06-18,1.0075316
2009-06-19,1.0095143
2009-06-20,1.0078748
2009-06-21,1.0083065
2009-06-22,1.0088449
2009-06-23,1.0083423
2009-06-24,1.0097344
2009-06-25,1.0089729
2009-06-26,1.0109665
2009-06-27,1.0079026
2009-06-28,1.0092777
2009-06-29,1.0092237
2009-06-30,1.0088012
2009-07-01,1.0081686
2009-07-02,1.0087317
2009-07-03,1.0074701
2009-07-04,1.006683
2009-07-05,1.0136648
2009-07-06,1.0079355
2009-07-07,1.0094092
2009-07-08,1.0098064
2009-07-09,1.0090444
2009-07-10,1.008502
2009-07-11,1.0091139
2009-07-12,1.0070823
2009-07-13,1.0097505
2009-07-14,1.0086462
2009-07-15,1.0075256
2009-07-16,1.0086389
2009-07-17,1.0066082
2009-07-18,1.0075887
2009-07-19,1.0065933
2009-07-20,1.0062424
2009-07-21,1.006664
2009-07-22,1.0070065
2009-07-23,1.0066379
2009-07-24,1.0141714
2009-07-25,1.0092529
2009-07-26,1.0094734
2009-07-27,1.0109565
2009-07-28,1.008081
2009-07-29,1.0101143
2009-07-30,1.0097142
2009-07-31,1.0102767
2009-08-01,1.0100348
2009-08-02,1.0080425
2009-08-03,1.0094491
2009-08-04,1.006993
2009-08-05,1.008347
2009-08-06,1.0071898
2009-08-07,1.0077153
2009-08-08,1.0077507
2009-08-09,1.0069342
2009-08-10,1.0074664
2009-08-11,1.0062034
2009-08-12,1.0068673
2009-08-13,1.0054326
2009-08-14,1.0063865
2009-08-15,1.0062283
2009-08-16,1.0046338
2009-08-17,1.0057492
2009-08-18,1.0047464
2009-08-19,1.0050426
2009-08-20,1.0055915
2009-08-21,1.0048391
2009-08-22,1.0067016
2009-08-23,1.0050535
2009-08-24,1.0055304
2009-08-25,1.005877
2009-08-26,1.0054867
2009-08-27,1.007578
2009-08-28,1.0063133
2009-08-29,1.0043892
2009-08-30,1.0056491
2009-08-31,1.0054493
2009-09-01,1.0047013
2009-09-02,1.0052663
2009-09-03,1.0050328
2009-09-04,1.005
2009-09-05,1.0042074
2009-09-06,1.0031182
2009-09-07,1.004731
2009-09-08,1.0046501
2009-09-09,1.0041665
2009-09-10,1.0048653
2009-09-11,1.0045607
2009-09-12,1.0042409
2009-09-13,1.0045557
2009-09-14,1.0037715
2009-09-15,1.0047725
2009-09-16,1.0043664
2009-09-17,1.0047729
2009-09-18,1.0046372
2009-09-19,1.0051719
2009-09-20,1.0048605
2009-09-21,1.0038413
2009-09-22,1.0049636
2009-09-23,1.003839
2009-09-24,1.0048404
2009-09-25,1.0045466
2009-09-26,1.0048614
2009-09-27,1.0047495
2009-09-28,1.0049796
2009-09-29,1.0048635
2009-09-30,1.0049629
2009-10-01,1.0026469
2009-10-02,1.0041584
2009-10-03,1.0035373
2009-10-04,1.0034478
2009-10-05,1.0033745
2009-10-06,1.003453
2009-10-07,1.0026108
2009-10-08,1.003966
2009-10-09,1.0040805
2009-10-10,1.0038986
2009-10-11,1.0039818
2009-10-12,1.0040153
2009-10-13,1.0039654
2009-10-14,1.0030403
2009-10-15,1.0036734
2009-10-16,1.0030491
2009-10-17,1.0010542
2009-10-18,1.0026001
2009-10-19,1.005545
2009-10-20,1.0030699
2009-10-21,1.0042874
2009-10-22,1.0043012
2009-10-23,1.0044054
2009-10-24,1.0047401
2009-10-25,1.0076307
2009-10-26,1.0056545
2009-10-27,1.0060023
2009-10-28,1.0067992
2009-10-29,1.0061518
2009-10-30,1.0066774
2009-10-31,1.0065426
2009-11-01,1.0060973
2009-11-02,1.0062641
2009-11-03,1.0063012
2009-11-04,1.0060099
2009-11-05,1.0061918
2009-11-06,1.0057094
2009-11-07,1.0059704
2009-11-08,1.0066681
2009-11-09,1.0068915
2009-11-10,1.0079002
2009-11-11,1.0083483
2009-11-12,1.0077127
2009-11-13,1.0078815
2009-11-14,1.0079806
2009-11-15,1.0087701
2009-11-16,1.0082098
2009-11-17,1.0092276
2009-11-18,1.0094169
2009-11-19,1.0089511
2009-11-20,1.0098201
2009-11-21,1.0093955
2009-11-22,1.0103114
2009-11-23,1.0098418
2009-11-24,1.0106152
2009-11-25,1.0102037
2009-11-26,1.011104
2009-11-27,1.0120748
2009-11-28,1.0111263
2009-11-29,1.0115525
2009-11-30,1.0115843
2009-12-01,1.0105909
2009-12-02,1.0112423
2009-12-03,1.0110314
2009-12-04,1.0116657
2009-12-05,1.0113128
2009-12-06,1.0116942
2009-12-07,1.0115573
2009-12-08,1.0114186
2009-12-09,1.0115566
2009-12-10,1.011328
2009-12-11,1.0114796
2009-12-12,1.0117294
2009-12-13,1.0112528
2009-12-14,1.0114874
2009-12-15,1.0113469
2009-12-16,1.0113623
2009-12-17,1.010312
2009-12-18,1.0110066
2009-12-19,1.010835
2009-12-20,1.0093142
2009-12-21,1.0103856
2009-12-22,1.0100726
2009-12-23,1.0099242
2009-12-24,1.0097181
2009-12-25,1.0099051
2009-12-26,1.0097357
2009-12-27,1.010498
2009-12-28,1.0104487
2009-12-29,1.0094699
2009-12-30,1.0101391
2009-12-31,1.0089989
2010-01-01,1.009536
2010-01-02,1.0093573
2010-01-03,1.0092974
2010-01-04,1.0093458
2010-01-05,1.0093023
2010-01-06,1.009315
2010-01-07,1.0081259
2010-01-08,1.0089147
2010-01-09,1.0089073
2010-01-10,1.0086493
2010-01-11,1.0093856
2010-01-12,1.0097106
2010-01-13,1.0097827
2010-01-14,1.0098014
2010-01-15,1.0097649
2010-01-16,1.0097915
2010-01-17,1.0097859
2010-01-18,1.0101095
2010-01-19,1.0098956
2010-01-20,1.0096427
2010-01-21,1.010028
2010-01-22,1.0098554
2010-01-23,1.0098412
2010-01-24,1.0099082
2010-01-25,1.0109856
2010-01-26,1.0102452
2010-01-27,1.0101569
2010-01-28,1.0104607
2010-01-29,1.010258
2010-01-30,1.0109857
2010-01-31,1.0105683
2010-02-01,1.0100446
2010-02-02,1.0105324
2010-02-03,1.0103815
2010-02-04,1.0103195
2010-02-05,1.010411
2010-02-06,1.009702
2010-02-07,1.0101439
2010-02-08,1.0096258
2010-02-09,1.0098238
2010-02-10,1.0099982
2010-02-11,1.009816
2010-02-12,1.0099995
2010-02-13,1.0098321
2010-02-14,1.0094842
2010-02-15,1.0101123
2010-02-16,1.0098097
2010-02-17,1.0090836
2010-02-18,1.0096678
2010-02-19,1.0089519
2010-02-20,1.0092337
2010-02-21,1.0095551
2010-02-22,1.0091938
2010-02-23,1.0093275
2010-02-24,1.0091901
2010-02-25,1.009237
2010-02-26,1.0098392
2010-02-27,1.0094221
2010-02-28,1.009728
2010-03-01,1.0090675
2010-03-02,1.0092154
2010-03-03,1.0093088
2010-03-04,1.0091975
2010-03-05,1.0100906
2010-03-06,1.0095325
2010-03-07,1.0095594
2010-03-08,1.0097275
2010-03-09,1.0096376
2010-03-10,1.0096818
2010-03-11,1.0096822
2010-03-12,1.0100296
2010-03-13,1.0097976
2010-03-14,1.009426
2010-03-15,1.0097508
2010-03-16,1.010011
2010-03-17,1.0107398
2010-03-18,1.0113055
2010-03-19,1.0098195
2010-03-20,1.0106215
2010-03-21,1.0105762
2010-03-22,1.0103395
2010-03-23,1.0109471
2010-03-24,1.010621
2010-03-25,1.010686
2010-03-26,1.0107514
2010-03-27,1.010686
2010-03-28,1.0105865
2010-03-29,1.0106747
2010-03-30,1.010245
2010-03-31,1.0105021
2010-04-01,1.0104339
2010-04-02,1.0103688
2010-04-03,1.0104685
2010-04-04,1.0112317
2010-04-05,1.0106895
2010-04-06,1.0103114
2010-04-07,1.0107437
2010-04-08,1.0094093
2010-04-09,1.0101538
2010-04-10,1.0099363
2010-04-11,1.0091261
2010-04-12,1.0097381
2010-04-13,1.0102742
2010-04-14,1.009713
2010-04-15,1.0098492
2010-04-16,1.0099455
2010-04-17,1.0093143
2010-04-18,1.0100209
2010-04-19,1.0136489
2010-04-20,1.0115871
2010-04-21,1.0117489
2010-04-22,1.0118357
2010-04-23,1.0117239
2010-04-24,1.0110784
2010-04-25,1.0115454
2010-04-26,1.0109909
2010-04-27,1.0112783
2010-04-28,1.0112712
2010-04-29,1.0117115
2010-04-30,1.0114202
2010-05-01,1.0115764
2010-05-02,1.0115694
2010-05-03,1.0103908
2010-05-04,1.0110044
2010-05-05,1.011205
2010-05-06,1.011031
2010-05-07,1.01108
2010-05-08,1.0107718
2010-05-09,1.0109609
2010-05-10,1.0095344
2010-05-11,1.010422
2010-05-12,1.009822
2010-05-13,1.010645
2010-05-14,1.0102963
2010-05-15,1.0087758
2010-05-16,1.0099047
2010-05-17,1.0096241
2010-05-18,1.0094346
2010-05-19,1.0095474
2010-05-20,1.0101383
2010-05-21,1.010242
2010-05-22,1.009664
2010-05-23,1.0100148
2010-05-24,1.0169201
2010-05-25,1.0121866
2010-05-26,1.0122828
2010-05-27,1.0137908
2010-05-28,1.0117735
2010-05-29,1.0123118
2010-05-30,1.0126243
2010-05-31,1.0109897
2010-06-01,1.0119742
2010-06-02,1.0102482
2010-06-03,1.0110707
2010-06-04,1.0105535
2010-06-05,1.0114754
2010-06-06,1.0117084
2010-06-07,1.0153235
2010-06-08,1.0128312
2010-06-09,1.0145999
2010-06-10,1.0142494
2010-06-11,1.0135587
2010-06-12,1.0141355
2010-06-13,1.0124385
2010-06-14,1.0136133
2010-06-15,1.0133948
2010-06-16,1.0123509
2010-06-17,1.0131192
2010-06-18,1.0126617
2010-06-19,1.0127106
2010-06-20,1.0122854
2010-06-21,1.0122913
2010-06-22,1.0117359
2010-06-23,1.0114627
2010-06-24,1.0118291
2010-06-25,1.0125028
2010-06-26,1.0119276
2010-06-27,1.0124
2010-06-28,1.0122757
2010-06-29,1.0109085
2010-06-30,1.0155929
2010-07-01,1.0129163
2010-07-02,1.0126473
2010-07-03,1.0137135
2010-07-04,1.0116386
2010-07-05,1.012665
2010-07-06,1.0118945
2010-07-07,1.0113174
2010-07-08,1.0115572
2010-07-09,1.0130529
2010-07-10,1.0119741
2010-07-11,1.0072573
2010-07-12,1.0107784
2010-07-13,1.0092717
2010-07-14,1.0091084
2010-07-15,1.0097139
2010-07-16,1.0086294
2010-07-17,1.0091507
2010-07-18,1.0073856
2010-07-19,1.0083871
2010-07-20,1.0009875
2010-07-21,1.0055995
2010-07-22,1.0046303
2010-07-23,1.0034933
2010-07-24,1.0047977
2010-07-25,1.0028749
2010-07-26,1.0037224
2010-07-27,1.0181936
2010-07-28,1.0082223
2010-07-29,1.0082424
2010-07-30,1.0115315
2010-07-31,1.0074482
2010-08-01,1.008263
2010-08-02,1.0090768
2010-08-03,1.0068338
2010-08-04,1.0080554
2010-08-05,1.0063549
2010-08-06,1.0070796
2010-08-07,1.0046904
2010-08-08,1.0050234
2010-08-09,1.0063764
2010-08-10,1.0046861
2010-08-11,1.0053612
2010-08-12,1.0045534
2010-08-13,1.0048672
2010-08-14,1.0036988
2010-08-15,1.0043727
2010-08-16,1.004515
2010-08-17,1.0042286
2010-08-18,1.0043721
2010-08-19,1.0040213
2010-08-20,1.0042074
2010-08-21,1.004487
2010-08-22,1.0042388
2010-08-23,1.0036842
2010-08-24,1.0032077
2010-08-25,1.0049806
2010-08-26,1.0029727
2010-08-27,1.0037183
2010-08-28,1.003023
2010-08-29,1.003238
2010-08-30,1.0026014
2010-08-31,1.0029536
2010-09-01,1.0026069
2010-09-02,1.0016795
2010-09-03,1.0024128
2010-09-04,1.0015228
2010-09-05,1.0018717
2010-09-06,1.0014412
2010-09-07,1.0016118
2010-09-08,1.0021256
2010-09-09,1.0019383
2010-09-10,1.0031447
2010-09-11,1.0029994
2010-09-12,1.0026934
2010-09-13,1.0023746
2010-09-14,1.0026889
2010-09-15,1.001908
2010-09-16,1.0023235
2010-09-17,1.0022813
2010-09-18,1.0043215
2010-09-19,1.0029753
2010-09-20,1.0003136
2010-09-21,1.0025437
2010-09-22,1.0038509
2010-09-23,1.0022396
2010-09-24,1.0037998
2010-09-25,1.0035942
2010-09-26,1.0040975
2010-09-27,1.000686
2010-09-28,1.0027922
2010-09-29,1.0023135
2010-09-30,1.0019305
2010-10-01,1.002575
2010-10-02,1.0022732
2010-10-03,1.0024549
2010-10-04,1.0032908
2010-10-05,1.0026735
2010-10-06,1.004728
2010-10-07,1.0035648
2010-10-08,1.001936
2010-10-09,1.003416
2010-10-10,1.004089
2010-10-11,1.0038486
2010-10-12,1.0055475
2010-10-13,1.0044498
2010-10-14,1.0046158
2010-10-15,1.0048126
2010-10-16,1.0046263
2010-10-17,1.0039407
2010-10-18,1.0044595
2010-10-19,1.0044044
2010-10-20,1.0046053
2010-10-21,1.0044897
2010-10-22,1.0053581
2010-10-23,1.0048177
2010-10-24,1.0053341
2010-10-25,1.0051699
2010-10-26,1.0048891
2010-10-27,1.0059234
2010-10-28,1.0059302
2010-10-29,1.00635
2010-10-30,1.0060679
2010-10-31,1.0079601
2010-11-01,1.0067905
2010-11-02,1.0076902
2010-11-03,1.0074794
2010-11-04,1.0069458
2010-11-05,1.0077931
2010-11-06,1.0074053
2010-11-07,1.0080582
2010-11-08,1.0077515
2010-11-09,1.00844
2010-11-10,1.0080827
2010-11-11,1.0085126
2010-11-12,1.0093071
2010-11-13,1.0095143
2010-11-14,1.0100752
2010-11-15,1.0096319
2010-11-16,1.0097183
2010-11-17,1.0098084
2010-11-18,1.0111156
2010-11-19,1.0102135
2010-11-20,1.0104111
2010-11-21,1.0109669
2010-11-22,1.0105298
2010-11-23,1.0104085
2010-11-24,1.0106351
2010-11-25,1.0104272
2010-11-26,1.0104903
2010-11-27,1.010511
2010-11-28,1.0110949
2010-11-29,1.0109657
2010-11-30,1.0112822
2010-12-01,1.0111144
2010-12-02,1.0111724
2010-12-03,1.0111896
2010-12-04,1.0099142
2010-12-05,1.0107594
2010-12-06,1.0103886
2010-12-07,1.0094728
2010-12-08,1.0102073
2010-12-09,1.0116291
2010-12-10,1.010436
2010-12-11,1.01085
2010-12-12,1.0109718
2010-12-13,1.0103118
2010-12-14,1.0110441
2010-12-15,1.0104601
2010-12-16,1.0106659
2010-12-17,1.0107235
2010-12-18,1.010156
2010-12-19,1.0105151
2010-12-20,1.009929
2010-12-21,1.0102
2010-12-22,1.0104718
2010-12-23,1.0111288
2010-12-24,1.0106001
2010-12-25,1.0101388
2010-12-26,1.0106226
2010-12-27,1.0108664
2010-12-28,1.0105425
2010-12-29,1.0107042
2010-12-30,1.0110003
2010-12-31,1.0101161
