,0
2010-01-01,994729
2010-01-02,993010
2010-01-03,993010
2010-01-04,994249
2010-01-05,994167
2010-01-06,995781
2010-01-07,993010
2010-01-08,990941
2010-01-09,992132
2010-01-10,992132
2010-01-11,994547
2010-01-12,994547
2010-01-13,993810
2010-01-14,995235
2010-01-15,996372
2010-01-16,994071
2010-01-17,993137
2010-01-18,991934
2010-01-19,991934
2010-01-20,996060
2010-01-21,995861
2010-01-22,996560
2010-01-24,992345
2010-01-25,994712
2010-01-26,994712
2010-01-27,995582
2010-01-28,995582
2010-01-29,996221
2010-01-30,996477
2010-01-31,997292
2010-02-01,995433
2010-02-02,992987
2010-02-03,990612
2010-02-04,990612
2010-02-05,-32000
2010-02-06,991853
2010-02-07,991853
2010-02-08,990528
2010-02-09,990528
2010-02-10,992279
2010-02-11,992279
2010-02-12,992497
2010-02-13,992497
2010-02-14,993680
2010-02-15,994940
2010-02-16,995725
2010-02-17,995591
2010-02-18,994661
2010-02-19,993139
2010-02-20,993139
2010-02-21,992168
2010-02-22,992444
2010-02-23,991535
2010-02-24,992228
2010-02-25,992301
2010-02-26,990287
2010-02-27,990287
2010-02-28,989060
2010-03-01,989060
2010-03-02,992334
2010-03-03,993773
2010-03-04,994269
2010-03-05,996001
2010-03-06,994945
2010-03-07,993623
2010-03-08,993623
2010-03-09,993625
2010-03-10,992168
2010-03-11,992089
2010-03-12,991138
2010-03-13,988556
2010-03-14,988496
2010-03-15,988496
2010-03-16,990798
2010-03-17,990798
2010-03-18,995393
2010-03-19,994377
2010-03-20,994598
2010-03-21,993707
2010-03-22,991409
2010-03-23,988802
2010-03-24,988802
2010-03-25,990294
2010-03-26,990294
2010-03-27,994246
2010-03-28,991429
2010-03-29,987413
2010-03-30,988901
2010-03-31,988901
2010-04-01,991737
2010-04-02,991737
2010-04-03,995102
2010-04-04,994269
2010-04-05,995060
2010-04-06,990903
2010-04-07,987952
2010-04-08,983154
2010-04-09,983154
2010-04-10,987296
2010-04-11,988747
2010-04-12,990544
2010-04-13,991129
2010-04-14,991289
2010-04-15,990115
2010-04-16,990115
2010-04-17,990069
2010-04-18,990069
2010-04-19,988985
2010-04-20,991575
2010-04-21,987770
2010-04-22,988919
2010-04-23,992566
2010-04-24,990299
2010-04-25,990299
2010-04-26,991873
2010-04-27,992695
2010-04-28,995263
2010-04-29,995047
2010-04-30,994630
2010-05-01,992191
2010-05-02,992191
2010-05-03,993562
2010-05-04,993562
2010-05-05,993987
2010-05-06,992577
2010-05-07,991015
2010-05-08,988865
2010-05-09,987087
2010-05-10,988713
2010-05-11,988713
2010-05-12,994342
2010-05-13,993388
2010-05-14,993990
2010-05-15,993853
2010-05-16,992900
2010-05-17,990461
2010-05-18,990461
2010-05-19,991147
2010-05-20,991147
2010-05-21,995390
2010-05-22,994293
2010-05-23,993620
2010-05-24,992651
2010-05-25,989576
2010-05-26,986485
2010-05-27,986485
2010-05-28,992012
2010-05-29,994228
2010-05-30,996292
2010-05-31,990505
2010-06-01,985412
2010-06-02,964634
2010-06-03,964634
2010-06-04,961986
2010-06-05,961986
2010-06-06,980171
2010-06-07,985153
2010-06-08,992816
2010-06-09,988609
2010-06-10,984553
2010-06-11,987022
2010-06-12,987022
2010-06-13,997684
2010-06-14,994821
2010-06-15,994752
2010-06-16,995788
2010-06-17,992775
2010-06-18,995364
2010-06-19,995364
2010-06-20,991616
2010-06-21,991616
2010-06-22,995709
2010-06-23,995286
2010-06-24,996917
2010-06-25,996734
2010-06-26,990478
2010-06-27,989575
2010-06-28,989575
2010-06-29,999644
2010-06-30,997678
2010-07-01,997854
2010-07-02,998253
2010-07-03,995642
2010-07-04,996049
2010-07-05,996049
2010-07-06,991756
2010-07-07,991756
2010-07-08,993806
2010-07-09,996235
2010-07-10,998113
2010-07-11,990223
2010-07-12,985627
2010-07-13,972943
2010-07-14,972943
2010-07-15,978921
2010-07-16,981989
2010-07-17,984510
2010-07-18,986448
2010-07-19,986750
2010-07-20,967978
2010-07-21,967978
2010-07-22,968155
2010-07-23,968155
2010-07-24,992219
2010-07-25,993780
2010-07-26,995889
2010-07-27,995480
2010-07-28,992574
2010-07-29,990640
2010-07-30,990640
2010-07-31,992423
2010-08-01,993682
2010-08-02,994144
2010-08-03,992452
2010-08-04,991671
2010-08-05,978575
2010-08-06,978575
2010-08-07,983080
2010-08-08,983080
2010-08-09,993174
2010-08-10,993286
2010-08-11,993431
2010-08-12,993352
2010-08-13,992638
2010-08-14,992646
2010-08-16,991075
2010-08-17,993080
2010-08-18,993464
2010-08-19,992329
2010-08-20,992368
2010-08-21,992419
2010-08-22,992419
2010-08-23,994993
2010-08-24,994993
2010-08-25,994956
2010-08-26,995858
2010-08-27,996895
2010-08-28,996175
2010-08-29,994822
2010-08-30,996243
2010-08-31,996243
2010-09-01,998105
2010-09-02,999036
2010-09-03,998391
2010-09-04,997422
2010-09-05,996965
2010-09-06,995110
2010-09-07,995110
2010-09-08,997504
2010-09-09,997504
2010-09-10,995317
2010-09-11,997027
2010-09-12,997666
2010-09-13,997061
2010-09-14,997029
2010-09-15,997321
2010-09-16,997321
2010-09-17,998247
2010-09-18,998033
2010-09-19,996000
2010-09-20,1000505
2010-09-21,1000000
2010-09-22,1002175
2010-09-23,1002175
2010-09-24,996040
2010-09-25,996040
2010-09-26,994640
2010-09-27,995416
2010-09-28,996377
2010-09-29,997036
2010-09-30,996669
2010-10-01,996598
2010-10-02,996598
2010-10-03,998722
2010-10-04,998085
2010-10-05,998902
2010-10-06,998726
2010-10-07,998301
2010-10-08,1000000
2010-10-09,1000000
2010-10-10,1000000
2010-10-11,1000000
2010-10-12,999502
2010-10-13,998505
2010-10-14,998186
2010-10-15,998394
2010-10-16,996172
2010-10-17,996250
2010-10-18,996250
2010-10-19,995604
2010-10-20,997199
2010-10-21,997559
2010-10-22,996741
2010-10-23,997942
2010-10-24,994936
2010-10-25,994936
2010-10-26,992978
2010-10-27,992978
2010-10-28,994501
2010-10-29,995558
2010-10-30,996555
2010-10-31,994753
2010-11-01,993587
2010-11-02,992887
2010-11-03,992887
2010-11-04,998612
2010-11-05,997179
2010-11-06,998501
2010-11-07,997987
2010-11-08,994640
2010-11-09,996703
2010-11-10,996703
2010-11-11,999747
2010-11-12,999747
2010-11-13,997486
2010-11-14,997371
2010-11-15,995034
2010-11-16,996083
2010-11-17,996365
2010-11-18,997953
2010-11-19,997953
2010-11-20,998198
2010-11-21,999493
2010-11-22,998949
2010-11-23,1000000
2010-11-24,999673
2010-11-25,997459
2010-11-26,997459
2010-11-27,996179
2010-11-28,996179
2010-11-29,997050
2010-11-30,998360
2010-12-01,998579
2010-12-02,997958
2010-12-03,997775
2010-12-04,993780
2010-12-05,993780
2010-12-06,994322
2010-12-07,996962
2010-12-08,999451
2010-12-09,999269
2010-12-10,999598
2010-12-11,998754
2010-12-12,998754
2010-12-13,998532
2010-12-14,998532
2010-12-15,998089
2010-12-16,999340
2010-12-17,999047
2010-12-18,999085
2010-12-19,999197
2010-12-20,997666
2010-12-21,997666
2010-12-22,995117
2010-12-23,996638
2010-12-24,996777
2010-12-25,996041
2010-12-26,995964
2010-12-27,996954
2010-12-28,996954
2010-12-29,998123
2010-12-30,998123
2010-12-31,993687
2011-01-01,996438
2011-01-02,997030
2011-01-03,997931
2011-01-04,997778
2011-01-05,995619
2011-01-06,994202
2011-01-07,994670
2011-01-08,995382
2011-01-09,997528
2011-01-10,997455
2011-01-11,996870
2011-01-12,997236
2011-01-13,997236
2011-01-14,998522
2011-01-15,998522
2011-01-16,999705
2011-01-17,1000626
2011-01-18,1000000
2011-01-19,998160
2011-01-20,996208
2011-01-21,995690
2011-01-22,995690
2011-01-23,996912
2011-01-24,997683
2011-01-25,997466
2011-01-26,997396
2011-01-27,996704
2011-01-28,994728
2011-01-29,994728
2011-01-30,995815
2011-01-31,995815
2011-02-01,998143
2011-02-02,997426
2011-02-03,996680
2011-02-04,996419
2011-02-05,995770
2011-02-06,996777
2011-02-07,996777
2011-02-08,997349
2011-02-09,997315
2011-02-10,996770
2011-02-11,997612
2011-02-12,997138
2011-02-13,995585
2011-02-14,995585
2011-02-15,994458
2011-02-16,994458
2011-02-17,999628
2011-02-18,997483
2011-02-19,998076
2011-02-20,997237
2011-02-21,995120
2011-02-22,993305
2011-02-23,993305
2011-02-24,993002
2011-02-25,992268
2011-02-26,993582
2011-02-27,994642
2011-02-28,995148
2011-03-01,994118
2011-03-02,994118
2011-03-03,993050
2011-03-04,993050
2011-03-05,996483
2011-03-06,995837
2011-03-07,996615
2011-03-08,995714
2011-03-09,992765
2011-03-10,993868
2011-03-11,993868
2011-03-12,993366
2011-03-13,993387
2011-03-14,993045
2011-03-15,993735
2011-03-16,993120
2011-03-17,994031
2011-03-18,994031
2011-03-19,993122
2011-03-20,993122
2011-03-21,997718
2011-03-22,995220
2011-03-23,996560
2011-03-24,994815
2011-03-25,990787
2011-03-26,991293
2011-03-27,991293
2011-03-28,994829
2011-03-29,993055
2011-03-30,992122
2011-03-31,994639
2011-04-01,992747
2011-04-02,996987
2011-04-03,996987
2011-04-04,993873
2011-04-05,993873
2011-04-06,995714
2011-04-07,996299
2011-04-08,998125
2011-04-09,998233
2011-04-10,996920
2011-04-11,994824
2011-04-12,994824
2011-04-13,990819
2011-04-14,992398
2011-04-15,992681
2011-04-16,992221
2011-04-17,991533
2011-04-18,992672
2011-04-19,992672
2011-04-20,994228
2011-04-21,994228
2011-04-22,995116
2011-04-23,995218
2011-04-24,995923
2011-04-25,996319
2011-04-26,994898
2011-04-28,995731
2011-04-29,996079
2011-05-01,994208
2011-05-02,993311
2011-05-03,992093
2011-05-04,992508
2011-05-05,992508
2011-05-06,993261
2011-05-07,993261
2011-05-08,995963
2011-05-10,995833
2011-05-12,990804
2011-05-13,991759
2011-05-15,995383
2011-05-16,996856
2011-05-17,995102
2011-05-18,996363
2011-05-20,992149
2011-05-21,992149
2011-05-22,991523
2011-05-23,991523
2011-05-24,997263
2011-05-25,995518
2011-05-26,995270
2011-05-27,993969
2011-05-29,989511
2011-05-30,989511
2011-05-31,992790
2011-06-01,986544
2011-06-02,984377
2011-06-03,983590
2011-06-04,975132
2011-06-05,981847
2011-06-06,981847
2011-06-08,992066
2011-06-09,995745
2011-06-10,996645
2011-06-11,997603
2011-06-12,997394
2011-06-14,992817
2011-06-15,992817
2011-06-16,995732
2011-06-17,992945
2011-06-19,990297
2011-06-21,974014
2011-06-22,974014
2011-06-23,973956
2011-06-24,973956
2011-06-25,1000605
2011-06-26,998928
2011-06-29,985073
2011-06-30,989202
2011-07-01,989202
2011-07-02,994734
2011-07-03,994774
2011-07-05,992382
2011-07-06,994429
2011-07-07,991446
2011-07-08,991446
2011-07-10,992001
2011-07-11,999253
2011-07-13,993702
2011-07-14,987294
2011-07-15,981179
2011-07-16,979949
2011-07-17,979949
2011-07-19,993261
2011-07-20,996956
2011-07-21,996681
2011-07-22,998554
2011-07-23,993870
2011-07-24,993870
2011-07-25,997682
2011-07-26,997682
2011-07-27,995323
2011-07-28,994220
2011-07-31,992212
2011-08-01,992733
2011-08-04,994594
2011-08-05,996433
2011-08-07,995595
2011-08-08,990627
2011-08-09,990627
2011-08-10,991762
2011-08-11,991762
2011-08-12,940433
2011-08-13,960056
2011-08-14,939887
2011-08-16,996182
2011-08-17,990084
2011-08-19,989818
2011-08-20,994560
2011-08-21,996841
2011-08-22,998523
2011-08-23,997839
2011-08-24,996851
2011-08-25,996851
2011-08-26,994986
2011-08-27,994986
2011-08-28,995263
2011-08-29,996023
2011-08-30,995782
2011-09-01,994989
2011-09-02,995782
2011-09-03,995782
2011-09-05,996350
2011-09-06,995587
2011-09-08,996719
2011-09-09,994801
2011-09-11,992904
2011-09-12,992904
2011-09-13,911256
2011-09-15,916838
2011-09-16,943657
2011-09-17,997977
2011-09-18,996436
2011-09-21,993365
2011-09-23,997735
2011-09-24,997844
2011-09-25,995024
2011-09-26,995024
2011-09-27,991178
2011-09-28,991178
2011-09-29,992442
2011-09-30,994993
2013-04-01,979819
2013-04-02,980632
2013-04-03,980196
2013-04-04,981059
2013-04-05,981988
2013-04-06,982618
2013-04-07,985695
2013-04-08,985164
2013-04-09,985797
2013-04-10,985485
2013-04-11,983013
2013-04-12,982624
2013-04-13,980849
2013-04-14,981599
2013-04-15,981773
2013-04-16,981467
2013-04-17,981510
2013-04-18,980909
2013-04-19,980040
2013-04-20,980925
2013-04-21,982111
2013-04-22,982383
2013-04-23,983555
2013-04-24,984174
2013-04-25,983158
2013-04-26,982721
2013-04-27,982266
2013-04-28,981973
2013-04-29,982277
2013-04-30,983938
2013-05-01,985234
2013-05-02,984504
2013-05-03,984795
2013-05-04,983072
2013-05-05,981206
2013-05-06,981600
2013-05-07,983081
2013-05-08,982611
2013-05-09,982972
2013-05-10,983664
2013-05-11,982180
2013-05-12,983002
2013-05-13,985012
2013-05-14,-32000
2013-05-15,986948
2013-05-16,986185
2013-05-17,985592
2013-05-18,986392
2013-05-19,985138
2013-05-20,985451
2013-05-21,986662
2013-05-22,985358
2013-05-23,987250
2013-05-24,987332
2013-05-25,986165
2013-05-26,987649
2013-05-27,987407
2013-05-28,987858
2013-05-29,988443
2013-05-30,987549
2013-05-31,982850
2013-06-01,978526
2013-06-02,978205
2013-06-03,977867
2013-06-04,981265
2013-06-05,984247
2013-06-06,984015
2013-06-07,984231
2013-06-08,982679
2013-06-09,983959
2013-06-10,985659
2013-06-11,986465
2013-06-12,982273
2013-06-13,982009
2013-06-14,979887
2013-06-15,980401
2013-06-16,985313
2013-06-17,984604
2013-06-18,984625
2013-06-19,983133
2013-06-20,983662
2013-06-21,983429
2013-06-22,981968
2013-06-23,977164
2013-06-24,974916
2013-06-25,975948
2013-06-26,977327
2013-06-27,981488
2013-06-28,980822
2013-06-29,976629
2013-06-30,974804
2013-07-01,975364
2013-07-02,975829
2013-07-03,976382
2013-07-04,973660
2013-07-05,971684
2013-07-06,972331
2013-07-07,967828
2013-07-08,966888
2013-07-09,964906
2013-07-10,966445
2013-07-11,971222
2013-07-12,975728
2013-07-13,974277
2013-07-14,973853
2013-07-15,975034
2013-07-16,975740
2013-07-17,981996
2013-07-18,983787
2013-07-19,986312
2013-07-20,986750
2013-07-21,987237
2013-07-22,984726
2013-07-23,975203
2013-07-24,972447
2013-07-25,971465
2013-07-26,973426
2013-07-27,980279
2013-07-28,981493
2013-07-29,979700
2013-07-30,978974
2013-07-31,978361
2013-08-01,980118
2013-08-02,983077
2013-08-03,982479
2013-08-04,984003
2013-08-05,980538
2013-08-06,978478
2013-08-07,976892
2013-08-08,977275
2013-08-09,980021
2013-08-10,979856
2013-08-11,982173
2013-08-12,981822
2013-08-13,980701
2013-08-14,978461
2013-08-15,978662
2013-08-16,977482
2013-08-17,979305
2013-08-18,982360
2013-08-19,982554
2013-08-20,984587
2013-08-21,982347
2013-08-22,983203
2013-08-23,981674
2013-08-24,977357
2013-08-25,978575
2013-08-26,973288
2013-08-27,976413
2013-08-28,977663
2013-08-29,979562
2013-08-30,983254
2013-08-31,982281
2013-09-01,982612
2013-09-02,979353
2013-09-03,978305
2013-09-04,976832
2013-09-05,962992
2013-09-06,961819
2013-09-07,963656
2013-09-08,963505
2013-09-09,978937
2013-09-10,981114
2013-09-11,979961
2013-09-12,980332
2013-09-13,978742
2013-09-14,982806
2013-09-15,983052
2013-09-16,979325
2013-09-17,980002
2013-09-18,975427
2013-09-19,976146
2013-09-20,979381
2013-09-21,981464
2013-09-22,981968
2013-09-23,981893
2013-09-24,981012
2013-09-25,980410
2013-09-26,981718
2013-09-27,982279
2013-09-28,986304
2013-09-29,986246
2013-09-30,985655
2013-10-01,984250
2013-10-02,982691
2013-10-03,982065
2013-10-04,980601
2013-10-05,982196
2013-10-06,981559
2013-10-07,984526
2013-10-08,985099
2013-10-09,986693
2013-10-10,984445
2013-10-11,982548
2013-10-12,984125
2013-10-13,981579
2013-10-14,985849
2013-10-15,984956
2013-10-16,984243
2013-10-17,984282
2013-10-18,984210
2013-10-19,984849
2013-10-20,985010
2013-10-21,986464
2013-10-22,984303
2013-10-23,986611
2013-10-24,985722
2013-10-25,984802
2013-10-26,984579
2013-10-27,982123
2013-10-28,981402
2013-10-29,981207
2013-10-30,982859
2013-10-31,981383
2013-11-01,985421
2013-11-02,985029
2013-11-03,985891
2013-11-04,987090
2013-11-05,984663
2013-11-06,985777
2013-11-07,983542
2013-11-08,985060
2013-11-09,985068
2013-11-10,984714
2013-11-11,984476
2013-11-12,983249
2013-11-13,984126
2013-11-14,984306
2013-11-15,986696
2013-11-16,986649
2013-11-17,986030
2013-11-18,985402
2013-11-19,985219
2013-11-20,984118
2013-11-21,985489
2013-11-22,986540
2013-11-23,985047
2013-11-24,987074
2013-11-25,985754
2013-11-26,987427
2013-11-27,987539
2013-11-28,987840
2013-11-29,988413
2013-11-30,985748
2013-12-01,986368
2013-12-02,984982
2013-12-03,985065
2013-12-04,984390
2013-12-05,983684
2013-12-06,983318
2013-12-07,982895
2013-12-08,985260
2013-12-09,985825
2013-12-10,987558
2013-12-11,988412
2013-12-12,987078
2013-12-13,986617
2013-12-14,986484
2013-12-15,985847
2013-12-16,986650
2013-12-17,988479
2013-12-18,987014
2013-12-19,987109
2013-12-20,985959
2013-12-21,983144
2013-12-22,982689
2013-12-23,982334
2013-12-24,982604
2013-12-25,982839
2013-12-26,984534
2013-12-27,984353
2013-12-28,983221
2013-12-29,981862
2013-12-30,981321
2013-12-31,980208
2014-01-01,979477
2014-01-02,981691
2014-01-03,980987
2014-01-04,982250
2014-01-05,983377
2014-01-06,982871
2014-01-07,982472
2014-01-08,982469
2014-01-09,983735
2014-01-10,982312
2014-01-11,983430
2014-01-12,982488
2014-01-13,981672
2014-01-14,981865
2014-01-15,981353
2014-01-16,981978
2014-01-17,980598
2014-01-18,981940
2014-01-19,981880
2014-01-20,982679
2014-01-21,983012
2014-01-22,981833
2014-01-23,981803
2014-01-24,981212
2014-01-25,983527
2014-01-26,985558
2014-01-27,987062
2014-01-28,986973
2014-01-29,985771
2014-01-30,984147
2014-01-31,983157
2014-02-01,982616
2014-02-02,982777
2014-02-03,983962
2014-02-04,981700
2014-02-05,982856
2014-02-06,981051
2014-02-07,980492
2014-02-08,981587
2014-02-09,980381
2014-02-10,980534
2014-02-11,979852
2014-02-12,980406
2014-02-13,979856
2014-02-14,979624
2014-02-15,979532
2014-02-16,979560
2014-02-17,980306
2014-02-18,981843
2014-02-19,983406
2014-02-20,984294
2014-02-21,984388
2014-02-22,984508
2014-02-23,984878
2014-02-24,983240
2014-02-25,982910
2014-02-26,980845
2014-02-27,980034
2014-02-28,982000
2014-03-01,980753
2014-03-02,981171
2014-03-03,979291
2014-03-04,977597
2014-03-05,977376
2014-03-06,978417
2014-03-07,980667
2014-03-08,980396
2014-03-09,984015
2014-03-10,983135
2014-03-11,980904
2014-03-12,981207
2014-03-13,979107
2014-03-14,980637
2014-03-15,982392
2014-03-16,982149
2014-03-17,980268
2014-03-18,981554
2014-03-19,978037
2014-03-20,978565
2014-03-21,979759
2014-03-22,977664
2014-03-23,980704
2014-03-24,979630
2014-03-25,978636
2014-03-26,977914
2014-03-27,979338
2014-03-28,980932
2014-03-29,983523
2014-03-30,984857
2014-03-31,984144
2014-04-01,983347
2014-04-02,981623
2014-04-03,981608
2014-04-04,979954
2014-04-05,981121
2014-04-06,981829
2014-04-07,980655
2014-04-08,982211
2014-04-09,981411
2014-04-10,980445
2014-04-11,979247
2014-04-12,978837
2014-04-13,978912
2014-04-14,980995
2014-04-15,982915
2014-04-16,982666
2014-04-17,982556
2014-04-18,981227
2014-04-19,982517
2014-04-20,982223
2014-04-21,981928
2014-04-22,980653
2014-04-23,979053
2014-04-24,980100
2014-04-25,980852
2014-04-26,980380
2014-04-27,980374
2014-04-28,979703
2014-04-29,979701
2014-04-30,981911
2014-05-01,983281
2014-05-02,985030
2014-05-03,986083
2014-05-04,986545
2014-05-05,986905
2014-05-06,983894
2014-05-07,983425
2014-05-08,982384
2014-05-09,982785
2014-05-10,986207
2014-05-11,986380
2014-05-12,988523
2014-05-13,977232
2014-05-14,977337
2014-05-15,975818
2014-05-16,974981
2014-05-17,979535
2014-05-18,975671
2014-05-19,976338
2014-05-20,974038
2014-05-21,977786
2014-05-22,977232
2014-05-23,977278
2014-05-24,979227
2014-05-25,981272
2014-05-26,978363
2014-05-27,974122
2014-05-28,975693
2014-05-29,974567
2014-05-30,981223
2014-05-31,983945
2014-06-01,981376
2014-06-02,981162
2014-06-03,967791
2014-06-04,967093
2014-06-05,964868
2014-06-06,963187
2014-06-07,972585
2014-06-08,974657
2014-06-09,976980
2014-06-10,975927
2014-06-11,976300
2014-06-12,972342
2014-06-13,970189
2014-06-14,971171
2014-06-15,973252
2014-06-16,975889
2014-06-17,979007
2014-06-18,983107
2014-06-19,982558
2014-06-20,985231
2014-06-21,984814
2014-06-22,986840
2014-06-23,985907
2014-06-24,985968
2014-06-25,986600
2014-06-26,983816
2014-06-27,986403
2014-06-28,984786
2014-06-29,986980
2014-06-30,985336
2014-07-01,933390
2014-07-02,933807
2014-07-03,932058
2014-07-04,930527
2014-07-05,981623
2014-07-06,983930
2014-07-07,983583
2014-07-08,986143
2014-07-09,985890
2014-07-10,985133
2014-07-11,985721
2014-07-12,986872
2014-07-13,988206
2014-07-14,988292
2014-07-15,984819
2014-07-16,980974
2014-07-17,979096
2014-07-18,974708
2014-07-19,977100
2014-07-20,979342
2014-07-21,980727
2014-07-22,986043
2014-07-23,985379
2014-07-24,987774
2014-07-25,985283
2014-07-26,982458
2014-07-27,983074
2014-07-28,980518
2014-07-29,982958
2014-07-30,981319
2014-07-31,981701
2014-08-01,981248
2014-08-02,981449
2014-08-03,981737
2014-08-04,981127
2014-08-05,982848
2014-08-06,982181
2014-08-07,983586
2014-08-08,983116
2014-08-09,983264
2014-08-10,982820
2014-08-11,982754
2014-08-12,983600
2014-08-13,966925
2014-08-14,967518
2014-08-15,968002
2014-08-16,967708
2014-08-17,981412
2014-08-18,980875
2014-08-19,979995
2014-08-20,980386
2014-08-21,983879
2014-08-22,982396
2014-08-23,982525
2014-08-24,982346
2014-08-25,980252
2014-08-26,981085
2014-08-27,982046
2014-08-28,982013
2014-08-29,981706
2014-08-30,982609
2014-08-31,983093
2014-09-01,982022
2014-09-02,982654
2014-09-03,982861
2014-09-04,980851
2014-09-05,982064
2014-09-06,982955
2014-09-07,981697
2014-09-08,984405
2014-09-09,0
2014-09-10,983014
2014-09-11,983093
2014-09-12,974842
2014-09-13,976952
2014-09-14,974964
2014-09-15,977775
2014-09-16,983410
2014-09-17,982559
2014-09-18,981291
2014-09-19,978749
2014-09-20,980385
2014-09-21,980950
2014-09-22,983895
2014-09-23,984013
2014-09-24,985220
2014-09-25,985360
2014-09-26,984137
2014-09-27,982566
2014-09-28,979905
2014-09-29,979868
2014-09-30,979226
2014-10-01,979513
2014-10-02,979999
2014-10-03,980856
2014-10-04,981226
2014-10-05,983983
2014-10-06,981819
2014-10-07,981151
2014-10-08,983008
2014-10-09,980026
2014-10-10,984287
2014-10-11,983890
2014-10-12,983697
2014-10-13,985608
2014-10-14,982929
2014-10-15,981902
2014-10-16,978002
2014-10-17,977109
2014-10-18,975311
2014-10-19,976151
2014-10-20,977721
2014-10-21,980198
2014-10-22,981896
2014-10-23,981391
2014-10-24,983965
2014-10-25,980223
2014-10-26,983072
2014-10-27,982809
2014-10-28,983428
2014-10-29,983913
2014-10-30,978858
2014-10-31,978818
2014-11-01,972866
2014-11-02,974135
2014-11-03,973953
2014-11-04,975589
2014-11-05,977092
2014-11-06,978077
2014-11-07,981346
2014-11-08,979384
2014-11-09,980978
2014-11-10,977995
2014-11-11,977832
2014-11-12,976594
2014-11-13,976562
2014-11-14,976604
2014-11-15,975628
2014-11-16,976744
2014-11-17,976535
2014-11-18,978391
2014-11-19,980161
2014-11-20,983357
2014-11-21,983729
2014-11-22,985144
2014-11-23,985028
2014-11-24,983937
2014-11-25,984840
2014-11-26,982734
2014-11-27,983089
2014-11-28,983461
2014-11-29,983313
2014-11-30,984630
2014-12-01,985341
2014-12-02,984195
2014-12-03,983953
2014-12-04,986207
2014-12-05,983892
2014-12-06,983940
2014-12-07,983886
2014-12-08,982206
2014-12-09,981409
2014-12-10,981786
2014-12-11,981434
2014-12-12,981121
2014-12-13,982031
2014-12-14,980600
2014-12-15,981863
2014-12-16,981125
2014-12-17,982773
2014-12-18,984140
2014-12-19,984002
2014-12-20,987180
2014-12-21,986115
2014-12-22,988071
2014-12-23,987208
2014-12-24,983662
2014-12-25,982252
2014-12-26,980332
2014-12-27,981764
2014-12-28,982918
2014-12-29,985330
2014-12-30,985553
2014-12-31,985223
2015-01-01,983974
2015-01-02,982563
2015-01-03,982359
2015-01-04,983015
2015-01-05,985083
2015-01-06,985614
2015-01-07,987367
2015-01-08,986212
2015-01-09,985346
2015-01-10,983342
2015-01-11,981936
2015-01-12,981899
2015-01-13,981666
2015-01-14,983072
2015-01-15,982004
2015-01-16,982872
2015-01-17,982252
2015-01-18,981993
2015-01-19,982772
2015-01-20,980808
2015-01-21,981529
2015-01-22,981054
2015-01-23,982571
2015-01-24,981875
2015-01-25,981554
2015-01-26,982205
2015-01-27,980041
2015-01-28,984019
2015-01-29,984429
2015-01-30,984999
2015-01-31,984055
2015-02-01,980721
2015-02-02,979419
2015-02-03,979351
2015-02-04,979650
2015-02-05,980364
2015-02-06,980313
2015-02-07,978246
2015-02-08,978443
2015-02-09,976229
2015-02-10,978067
2015-02-11,979386
2015-02-12,979939
2015-02-13,982198
2015-02-14,981359
2015-02-15,981779
2015-02-16,982437
2015-02-17,984789
2015-02-18,983847
2015-02-19,984741
2015-02-20,985626
2015-02-21,984430
2015-02-22,987474
2015-02-23,986407
2015-02-24,984709
2015-02-25,983765
2015-02-26,982543
2015-02-27,983202
2015-02-28,983207
2015-03-01,984344
2015-03-02,982734
2015-03-03,985152
2015-03-04,984841
2015-03-05,984199
2015-03-06,983664
2015-03-07,980570
2015-03-08,979884
2015-03-09,977802
2015-03-10,980004
2015-03-11,979736
2015-03-12,982760
2015-03-13,982745
2015-03-14,982537
2015-03-15,982971
2015-03-16,980830
2015-03-17,982842
2015-03-18,979711
2015-03-19,982747
2015-03-20,982696
2015-03-21,982322
2015-03-22,982491
2015-03-23,980309
2015-03-24,981031
2015-03-25,980238
2015-03-26,983766
2015-03-27,983909
2015-03-28,983217
2015-03-29,984356
2015-03-30,983038
2015-03-31,980862
2015-04-06,979636
2015-04-07,980188
2015-04-08,981985
2015-04-09,981928
2015-04-10,983278
2015-04-11,985892
2015-04-12,983411
2015-04-13,983730
2015-04-14,983600
2015-04-15,980685
2015-04-16,981885
2015-04-17,982055
2015-04-18,982033
2015-04-19,983722
2015-04-20,984308
2015-04-21,984957
2015-04-22,984813
2015-04-23,983185
2015-04-24,983372
2015-04-25,982490
2015-04-26,981972
2015-04-27,983482
2015-04-28,982169
2015-04-29,982942
2015-04-30,982673
2015-05-01,983999
2015-05-02,985117
2015-05-03,984715
2015-05-04,985312
2015-05-05,983246
2015-05-06,982020
2015-05-07,982056
2015-05-08,983085
2015-05-09,983560
2015-05-10,986401
2015-05-11,986428
2015-05-12,985900
2015-05-13,986125
2015-05-14,985775
2015-05-15,984891
2015-05-16,983958
2015-05-17,982867
2015-05-18,981861
2015-05-19,983239
2015-05-20,985143
2015-05-21,984429
2015-05-22,984739
2015-05-23,983902
2015-05-24,981245
2015-05-25,981652
2015-05-26,981300
2015-05-27,980330
2015-05-28,980479
2015-05-29,982048
2015-05-30,982795
2015-05-31,985068
2015-06-01,985970
2015-06-02,986192
2015-06-03,983905
2015-06-04,982765
2015-06-05,983223
2015-06-06,981442
2015-06-07,984082
2015-06-08,984025
2015-06-09,982222
2015-06-10,982200
2015-06-11,981099
2015-06-12,979363
2015-06-13,980743
2015-06-14,982807
2015-06-15,983419
2015-06-16,975266
2015-06-17,972379
2015-06-18,970335
2015-06-19,967464
2015-06-20,976998
2015-06-21,978331
2015-06-22,979398
2015-06-23,982639
2015-06-24,984351
2015-06-25,985801
2015-06-26,985388
2015-06-27,985397
2015-06-28,983101
2015-06-29,984150
2015-06-30,985690
2015-07-01,985568
2015-07-02,987281
2015-07-03,987473
2015-07-04,987265
2015-07-05,987709
2015-07-06,987739
2015-07-07,986985
2015-07-08,980358
2015-07-09,982301
2015-07-10,981806
2015-07-11,981935
2015-07-12,984163
2015-07-13,978839
2015-07-14,970317
2015-07-15,960825
2015-07-16,958616
2015-07-17,960532
2015-07-18,969345
2015-07-19,973440
2015-07-20,976093
2015-07-21,975509
2015-07-22,975361
2015-07-23,981497
2015-07-24,985988
2015-07-25,983669
2015-07-26,984040
2015-07-27,982948
2015-07-28,979064
2015-07-29,981993
2015-07-30,982345
2015-07-31,983617
2015-08-01,984278
2015-08-02,983812
2015-08-03,983546
2015-08-04,981336
2015-08-05,984509
2015-08-06,985681
2015-08-07,971079
2015-08-08,972761
2015-08-09,970003
2015-08-10,967983
2015-08-11,980909
2015-08-12,979378
2015-08-13,979640
2015-08-14,980756
2015-08-15,981710
2015-08-16,981638
2015-08-17,983718
2015-08-18,983897
2015-08-19,980895
2015-08-20,981056
2015-08-21,980997
2015-08-22,980653
2015-08-23,982431
2015-08-24,984411
2015-08-25,982394
2015-08-26,983511
2015-08-27,983099
2015-08-28,983072
2015-08-29,982671
2015-08-30,980376
2015-08-31,975315
2015-09-01,974467
2015-09-02,975878
2015-09-03,974946
2015-09-04,981125
2015-09-05,979868
2015-09-06,980559
2015-09-07,980952
2015-09-08,979512
2015-09-09,980412
2015-09-10,978911
2015-09-11,963799
2015-09-12,963111
2015-09-13,964864
2015-09-14,964296
2015-09-15,982027
2015-09-16,983489
2015-09-17,979991
2015-09-18,981540
2015-09-19,979376
2015-09-20,979795
2015-09-21,980060
2015-09-22,979368
2015-09-23,978701
2015-09-24,975465
2015-09-25,976094
2015-09-26,974833
2015-09-27,978193
2015-09-28,981164
2015-09-29,982237
2015-09-30,981523
2015-10-01,979914
2015-10-02,980012
2015-10-03,979573
2015-10-04,982143
2015-10-05,980169
2015-10-06,979881
2015-10-07,976960
2015-10-08,975062
2015-10-09,975452
2015-10-10,975852
2015-10-11,979038
2015-10-12,980660
2015-10-13,983143
2015-10-14,983142
2015-10-15,982469
2015-10-16,981399
2015-10-17,980004
2015-10-18,980449
2015-10-19,978956
2015-10-20,980335
2015-10-21,980739
2015-10-22,983673
2015-10-23,984720
2015-10-24,985221
2015-10-25,983429
2015-10-26,979866
2015-10-27,981198
2015-10-28,979241
2015-10-29,982842
2015-10-30,982916
2015-10-31,982784
2015-11-01,983430
2015-11-02,982053
2015-11-03,983286
2015-11-04,981394
2015-11-05,983877
2015-11-06,982464
2015-11-07,980304
2015-11-08,981629
2015-11-09,980578
2015-11-10,981003
2015-11-11,981983
2015-11-12,984280
2015-11-13,983356
2015-11-14,984611
2015-11-15,984928
2015-11-16,982285
2015-11-17,981904
2015-11-18,982332
2015-11-19,982601
2015-11-20,983305
2015-11-21,984332
2015-11-22,984923
2015-11-23,986265
2015-11-24,985559
2015-11-25,986529
2015-11-26,985923
2015-11-27,984725
2015-11-28,986442
2015-11-29,985341
2015-11-30,988035
2015-12-01,987421
2015-12-02,985918
2015-12-03,986113
2015-12-04,982538
2015-12-05,982927
2015-12-06,984838
2015-12-07,986627
2015-12-08,984989
2015-12-09,987180
2015-12-10,986556
2015-12-11,985256
2015-12-12,986636
2015-12-13,984846
2015-12-14,986245
2015-12-15,984538
2015-12-16,984342
2015-12-17,983832
2015-12-18,982177
2015-12-19,982203
2015-12-20,982953
2015-12-21,982506
2015-12-22,982823
2015-12-23,985291
2015-12-24,983656
2015-12-25,986822
2015-12-26,985517
2015-12-27,984103
2015-12-28,985271
2015-12-29,982537
2015-12-30,985975
2015-12-31,986035
2016-01-01,987039
2016-01-02,988342
2016-01-03,985443
2016-01-04,984899
2016-01-05,983851
2016-01-06,983213
2016-01-07,983579
2016-01-08,986785
2016-01-09,987058
2016-01-10,987781
2016-01-11,987827
2016-01-12,984959
2016-01-13,984141
2016-01-14,982359
2016-01-15,982434
2016-01-16,982327
2016-01-17,982958
2016-01-18,983662
2016-01-19,984284
2016-01-20,982941
2016-01-21,983661
2016-01-22,982363
2016-01-23,981696
2016-01-24,982498
2016-01-25,981260
2016-01-26,981479
2016-01-27,981461
2016-01-28,982791
2016-01-29,983345
2016-01-30,985435
2016-01-31,985831
2016-02-01,983942
2016-02-02,985313
2016-02-03,985071
2016-02-04,984335
2016-02-05,984257
2016-02-06,982243
2016-02-07,980340
2016-02-08,980392
2016-02-09,982567
2016-02-10,982638
2016-02-11,984507
2016-02-12,984543
2016-02-13,983107
2016-02-14,983094
2016-02-15,982219
2016-02-16,981174
2016-02-17,980529
2016-02-18,981138
2016-02-19,979458
2016-02-20,982298
2016-02-21,982592
2016-02-22,982313
2016-02-23,982413
2016-02-24,980736
2016-02-25,981876
2016-02-26,979981
2016-02-27,983053
2016-02-28,980267
2016-02-29,979567
2016-03-01,981083
2016-03-02,979426
2016-03-03,983712
2016-03-04,983754
2016-03-05,984378
2016-03-06,982102
2016-03-07,980814
2016-03-08,979634
2016-03-09,979163
2016-03-10,981597
2016-03-11,980674
2016-03-12,983058
2016-03-13,981333
2016-03-14,983606
2016-03-15,983274
2016-03-16,981711
2016-03-17,981233
2016-03-18,978716
2016-03-19,980174
2016-03-20,980871
2016-03-21,984891
2016-03-22,983702
2016-03-23,983097
2016-03-24,982319
2016-03-25,980858
2016-03-26,981892
2016-03-27,982283
2016-03-28,982375
2016-03-29,981580
2016-03-30,983013
2016-03-31,982288
2016-04-01,982960
2016-04-02,982803
2016-04-03,981946
2016-04-04,982774
2016-04-05,982367
2016-04-06,983597
2016-04-07,983485
2016-04-08,983545
2016-04-09,983428
2016-04-10,982796
2016-04-11,981987
2016-04-12,981743
2016-04-13,984642
2016-04-14,984608
2016-04-15,986760
2016-04-16,985006
2016-04-17,982142
2016-04-18,980444
2016-04-19,979124
2016-04-20,979925
2016-04-21,979812
2016-04-22,981127
2016-04-23,980525
2016-04-24,980991
2016-04-25,981196
2016-04-26,982897
2016-04-27,983650
2016-04-28,985136
2016-04-29,986668
2016-04-30,983927
2016-05-01,988442
2016-05-02,986781
2016-05-03,985048
2016-05-04,984879
2016-05-05,980992
2016-05-06,982692
2016-05-07,984623
2016-05-08,986333
2016-05-09,984985
2016-05-10,984156
2016-05-11,981646
2016-05-12,982453
2016-05-13,982969
2016-05-14,982042
2016-05-15,982776
2016-05-16,981968
2016-05-17,983575
2016-05-18,983483
2016-05-19,985157
2016-05-20,983293
2016-05-21,983169
2016-05-22,985040
2016-05-23,983946
2016-05-24,986769
2016-05-25,984010
2016-05-26,984217
2016-05-27,984095
2016-05-28,983715
2016-05-29,985709
2016-05-30,985982
2016-05-31,988797
2016-06-01,987269
2016-06-02,989411
2016-06-03,989003
2016-06-04,975578
2016-06-05,973074
2016-06-06,969907
2016-06-07,965354
2016-06-08,975158
2016-06-09,979754
2016-06-10,981345
2016-06-11,985420
2016-06-12,988530
2016-06-13,989160
2016-06-14,989109
2016-06-15,990309
2016-06-16,989143
2016-06-17,988199
2016-06-18,984189
2016-06-19,981531
2016-06-20,982496
2016-06-21,980314
2016-06-22,983990
2016-06-23,982599
2016-06-24,974397
2016-06-25,970759
2016-06-26,967004
2016-06-27,969247
2016-06-28,970574
2016-06-29,974437
2016-06-30,975212
2016-07-01,973010
2016-07-02,977085
2016-07-03,973472
2016-07-04,974713
2016-07-05,973140
2016-07-06,972291
2016-07-07,976643
2016-07-08,978123
2016-07-09,984492
2016-07-10,988355
2016-07-11,989269
2016-07-12,989633
2016-07-13,988468
2016-07-14,985541
2016-07-15,983590
2016-07-16,979903
2016-07-17,976629
2016-07-18,978006
2016-07-19,975569
2016-07-20,981142
2016-07-21,983799
2016-07-22,983089
2016-07-23,988437
2016-07-24,986353
2016-07-25,985065
2016-07-26,982927
2016-07-27,981507
2016-07-28,979742
2016-07-29,981280
2016-07-30,980012
2016-07-31,979969
2016-08-01,980224
2016-08-02,976397
2016-08-03,980087
2016-08-04,979465
2016-08-05,981243
2016-08-06,982986
2016-08-07,982997
2016-08-08,982194
2016-08-09,980651
2016-08-10,981397
2016-08-11,981410
2016-08-12,983954
2016-08-13,984658
2016-08-14,983824
2016-08-15,982299
2016-08-16,980858
2016-08-17,981027
2016-08-18,981459
2016-08-19,979189
2016-08-20,977936
2016-08-21,979540
2016-08-22,977591
2016-08-23,978835
2016-08-24,979611
2016-08-25,976602
2016-08-26,980189
2016-08-27,980244
2016-08-28,982532
2016-08-29,982879
2016-08-30,983231
2016-08-31,947982
2016-09-01,945173
2016-09-02,945411
2016-09-03,941583
2016-09-04,977614
2016-09-05,976107
2016-09-06,977417
2016-09-07,978307
2016-09-08,978611
2016-09-09,979616
2016-09-10,977915
2016-09-11,979500
2016-09-12,978595
2016-09-13,979877
2016-09-14,979868
2016-09-15,979339
2016-09-16,975966
2016-09-17,975192
2016-09-18,974780
2016-09-19,972744
2016-09-20,977755
2016-09-21,976628
2016-09-22,979164
2016-09-23,979768
2016-09-24,981035
2016-09-25,983205
2016-09-26,976291
2016-09-27,978083
2016-09-28,974472
2016-09-29,974444
2016-09-30,976669
2016-10-01,977209
2016-10-02,976258
2016-10-03,972803
2016-10-04,973635
2016-10-05,968764
2016-10-06,972957
2016-10-07,972800
2016-10-08,977002
2016-10-09,977865
2016-10-10,976611
2016-10-11,978624
2016-10-12,974338
2016-10-13,978046
2016-10-14,975353
2016-10-15,975913
2016-10-16,974565
2016-10-17,974877
2016-10-18,974463
2016-10-19,972816
2016-10-20,975665
2016-10-21,970637
2016-10-22,974397
2016-10-23,975470
2016-10-24,975932
2016-10-25,978323
2016-10-26,978589
2016-10-27,977491
2016-10-28,976390
2016-10-29,978418
2016-10-30,975198
2016-10-31,979508
2016-11-01,981068
2016-11-02,982660
2016-11-03,983543
2016-11-04,981013
2016-11-05,980245
2016-11-06,975828
2016-11-07,979385
2016-11-08,978736
2016-11-09,981584
2016-11-10,983316
2016-11-11,979618
2016-11-12,980079
2016-11-13,978212
2016-11-14,981173
2016-11-15,982765
2016-11-16,985038
2016-11-17,984231
2016-11-18,985548
2016-11-19,984276
2016-11-20,983639
2016-11-21,984251
2016-11-22,980176
2016-11-23,982573
2016-11-24,981003
2016-11-25,983852
2016-11-26,984250
2016-11-27,985042
2016-11-28,986251
2016-11-29,984115
2016-11-30,986093
2016-12-01,985099
2016-12-02,986810
2016-12-03,986380
2016-12-04,983689
2016-12-05,982457
2016-12-06,981820
2016-12-07,981353
2016-12-08,983882
2016-12-09,987109
2016-12-10,984796
2016-12-11,986694
2016-12-12,983451
2016-12-13,982360
2016-12-14,982494
2016-12-15,981688
2016-12-16,984342
2016-12-17,982476
2016-12-18,985151
2016-12-19,984498
2016-12-20,985467
2016-12-21,985718
2016-12-22,984755
2016-12-23,985067
2016-12-24,983250
2016-12-25,984682
2016-12-26,984506
2016-12-27,984596
2016-12-28,985008
2016-12-29,984603
2016-12-30,983008
2016-12-31,983006
2017-01-01,984911
2017-01-02,984445
2017-01-03,986318
2017-01-04,983043
2017-01-05,983682
2017-01-06,981524
2017-01-07,981343
2017-01-08,982422
2017-01-09,982467
2017-01-10,986670
2017-01-11,985532
2017-01-12,985820
2017-01-13,983372
2017-01-14,981672
2017-01-15,982441
2017-01-16,982205
2017-01-17,0
2017-01-18,985955
2017-01-19,986649
2017-01-20,984170
2017-01-21,982659
2017-01-22,981388
2017-01-23,980763
2017-01-24,982224
2017-01-25,980367
2017-01-26,980814
2017-01-27,980644
2017-01-28,981818
2017-01-29,982820
2017-01-30,985272
2017-01-31,983916
2017-02-01,983304
2017-02-02,985088
2017-02-03,979542
2017-02-04,981484
2017-02-05,981431
2017-02-06,981502
2017-02-07,982821
2017-02-08,982181
2017-02-09,981057
2017-02-10,978232
2017-02-11,980931
2017-02-12,980858
2017-02-13,983766
2017-02-14,981072
2017-02-15,979111
2017-02-16,978858
2017-02-17,977616
2017-02-18,983812
2017-02-19,984281
2017-02-20,985769
2017-02-21,985460
2017-02-22,983828
2017-02-23,982742
2017-02-24,981768
2017-02-25,981729
2017-02-26,982497
2017-02-27,984524
2017-02-28,984785
2017-03-01,985755
2017-03-02,984458
2017-03-03,984636
2017-03-04,981933
2017-03-05,980546
2017-03-06,980461
2017-03-07,978420
2017-03-08,980673
2017-03-09,980624
2017-03-10,980324
2017-03-11,979784
2017-03-12,979509
2017-03-13,979145
2017-03-14,977582
2017-03-15,978868
2017-03-16,978522
2017-03-17,978050
2017-03-18,979823
2017-03-19,979424
2017-03-20,979614
2017-03-21,980801
2017-03-22,980924
2017-03-23,980984
2017-03-24,983088
2017-03-25,983681
2017-03-26,984450
2017-03-27,983187
2017-03-28,981993
2017-03-29,980931
2017-03-30,981313
2017-03-31,983915
2017-04-01,983926
2017-04-02,984410
2017-04-03,983925
2017-04-04,982192
2017-04-05,981441
2017-04-06,981772
2017-04-07,981391
2017-04-08,980922
2017-04-09,982144
2017-04-10,982157
2017-04-11,981905
2017-04-12,981837
2017-04-13,980794
2017-04-14,980863
2017-04-15,980342
2017-04-16,981408
2017-04-17,981696
2017-04-18,981165
2017-04-19,981717
2017-04-20,980774
2017-04-21,981272
2017-04-22,981546
2017-04-23,983407
2017-04-24,983455
2017-04-25,984479
2017-04-26,984921
2017-04-27,984906
2017-04-28,984863
2017-04-29,984185
2017-04-30,984626
2017-05-01,984267
2017-05-02,987579
2017-05-03,986870
2017-05-04,988010
2017-05-05,986150
2017-05-06,975370
2017-05-07,976638
2017-05-08,976300
2017-05-09,978010
2017-05-10,987869
2017-05-11,987489
2017-05-12,985328
2017-05-13,986984
2017-05-14,981123
2017-05-15,979715
2017-05-16,981429
2017-05-17,979571
2017-05-18,985545
2017-05-19,989002
2017-05-20,989453
2017-05-21,989945
2017-05-22,988941
2017-05-23,985030
2017-05-24,983916
2017-05-25,984706
2017-05-26,985284
2017-05-27,988346
2017-05-28,988789
2017-05-29,987692
2017-05-30,985932
2017-05-31,985174
2017-06-01,985571
2017-06-02,986548
2017-06-03,986859
2017-06-04,985544
2017-06-05,984741
2017-06-06,983968
2017-06-07,982015
2017-06-08,983108
2017-06-09,975946
2017-06-10,971835
2017-06-11,971549
2017-06-12,972866
2017-06-13,979662
2017-06-14,983476
2017-06-15,984888
2017-06-16,982300
2017-06-17,978963
2017-06-18,980850
2017-06-19,983026
2017-06-20,976669
2017-06-21,980032
2017-06-22,976906
2017-06-23,976020
2017-06-24,972392
2017-06-25,960360
2017-06-26,958200
2017-06-27,959373
2017-06-28,963596
2017-06-29,972505
2017-06-30,975665
2017-07-01,968314
2017-07-02,972527
2017-07-03,971058
2017-07-04,968565
2017-07-05,971917
2017-07-06,969706
2017-07-07,972783
2017-07-08,972215
2017-07-09,973509
2017-07-10,975903
2017-07-11,977819
2017-07-12,979974
2017-07-13,979966
2017-07-14,982503
2017-07-15,980081
2017-07-16,980306
2017-07-17,978972
2017-07-18,977957
2017-07-19,980024
2017-07-20,981360
2017-07-21,976173
2017-07-22,976751
2017-07-23,976046
2017-07-24,973700
2017-07-25,980219
2017-07-26,979568
2017-07-27,978690
2017-07-28,980642
2017-07-29,981895
2017-07-30,983618
2017-07-31,985059
2017-08-01,984142
2017-08-02,981667
2017-08-03,980336
2017-08-04,978331
2017-08-05,976863
2017-08-06,980819
2017-08-07,979640
2017-08-08,982337
2017-08-09,984438
2017-08-10,983940
2017-08-11,985679
2017-08-12,982712
2017-08-13,983420
2017-08-14,981911
2017-08-15,980405
2017-08-16,980658
2017-08-17,980822
2017-08-18,980082
2017-08-19,980013
2017-08-20,981590
2017-08-21,974469
2017-08-22,977380
2017-08-23,978633
2017-08-24,981524
2017-08-25,986962
2017-08-26,987074
2017-08-27,984743
2017-08-28,983085
2017-08-29,984009
2017-08-30,981276
2017-08-31,983551
2017-09-01,979688
2017-09-02,979177
2017-09-03,979443
2017-09-04,978973
2017-09-05,980727
2017-09-06,977752
2017-09-07,978274
2017-09-08,977409
2017-09-09,978267
2017-09-10,980038
2017-09-11,978635
2017-09-12,977709
2017-09-13,976767
2017-09-14,979231
2017-09-15,979233
2017-09-16,981217
2017-09-17,980124
2017-09-18,977471
2017-09-19,976935
2017-09-20,976004
2017-09-21,976267
2017-09-22,975761
2017-09-23,979836
2017-09-24,979092
2017-09-25,983263
2017-09-26,982134
2017-09-27,979315
2017-09-28,980859
2017-09-29,973772
2017-09-30,978390
2017-10-01,-32000
2017-10-02,987993
2017-10-03,980196
2017-10-04,979933
2017-10-05,979447
2017-10-06,977150
2017-10-07,977223
2017-10-08,975585
2017-10-09,980468
2017-10-10,978921
2017-10-11,979576
2017-10-12,979722
2017-10-13,979257
2017-10-14,979678
2017-10-15,980456
2017-10-16,982916
2017-10-17,980815
2017-10-18,984095
2017-10-19,981583
2017-10-20,980862
2017-10-21,979831
2017-10-22,979431
2017-10-23,981505
2017-10-24,980318
2017-10-25,981864
2017-10-26,980331
2017-10-27,981218
2017-10-28,981719
2017-10-29,982018
2017-10-30,981456
2017-10-31,981050
2017-11-01,981995
2017-11-02,982561
2017-11-03,984410
2017-11-04,982930
2017-11-05,983428
2017-11-06,982609
2017-11-07,983808
2017-11-08,986014
2017-11-09,986303
2017-11-10,987384
2017-11-11,984929
2017-11-12,988659
2017-11-13,986409
2017-11-14,985272
2017-11-15,986260
2017-11-16,982497
2017-11-17,984813
2017-11-18,985169
2017-11-19,986608
2017-11-20,987532
2017-11-21,985724
2017-11-22,986654
2017-11-23,985391
2017-11-24,984303
2017-11-25,985440
2017-11-26,983753
2017-11-27,986438
2017-11-28,986344
2017-11-29,984281
2017-11-30,985722
2017-12-01,983408
2017-12-02,982803
2017-12-03,984437
2017-12-04,982441
2017-12-05,982728
2017-12-06,982466
2017-12-07,983159
2017-12-08,981736
2017-12-09,981761
2017-12-10,982451
2017-12-11,981866
2017-12-12,984459
2017-12-13,983926
2017-12-14,984081
2017-12-15,983959
2017-12-16,984904
2017-12-17,985777
2017-12-18,986070
2017-12-19,985318
2017-12-20,985435
2017-12-21,985940
2017-12-22,985282
2017-12-23,987712
2017-12-24,985480
2017-12-25,984579
2017-12-26,984376
2017-12-27,981311
2017-12-28,982903
2017-12-29,982479
2017-12-30,982640
2017-12-31,984035
2018-01-01,982932
2018-01-02,982766
2018-01-03,982156
2018-01-04,982893
2018-01-05,983193
2018-01-06,982845
2018-01-07,983001
2018-01-08,983009
2018-01-09,981559
2018-01-10,981994
2018-01-11,981518
2018-01-12,978513
2018-01-13,978744
2018-01-14,978692
2018-01-15,980008
2018-01-16,980173
2018-01-17,980547
2018-01-18,980459
2018-01-19,980174
2018-01-20,982998
2018-01-21,984340
2018-01-22,984758
2018-01-23,981521
2018-01-24,982464
2018-01-25,980691
2018-01-26,979974
2018-01-27,980975
2018-01-28,977942
2018-01-29,979517
2018-01-30,979546
2018-01-31,982859
2018-02-01,983349
2018-02-02,983550
2018-02-03,984762
2018-02-04,983930
2018-02-05,985880
2018-02-06,985797
2018-02-07,986453
2018-02-08,983357
2018-02-09,982162
2018-02-10,980803
2018-02-11,979297
2018-02-12,982593
2018-02-13,981974
2018-02-14,985226
2018-02-15,983736
2018-02-16,983050
2018-02-17,980383
2018-02-18,978587
2018-02-19,978739
2018-02-20,978712
2018-02-21,981282
2018-02-22,978641
2018-02-23,982025
2018-02-24,980618
2018-02-25,983819
2018-02-26,983332
2018-02-27,982189
2018-02-28,983439
2018-03-01,981757
2018-03-02,985187
2018-03-03,983744
2018-03-04,984999
2018-03-05,982739
2018-03-06,982087
2018-03-07,982218
2018-03-08,979894
2018-03-09,981017
2018-03-10,979596
2018-03-11,980152
2018-03-12,980031
2018-03-13,981121
2018-03-14,979182
2018-03-15,980235
2018-03-16,981084
2018-03-17,979468
2018-03-18,981997
2018-03-19,981017
2018-03-20,980965
2018-03-21,981824
2018-03-22,981699
2018-03-23,981281
2018-03-24,981653
2018-03-25,981031
2018-03-26,981991
2018-03-27,982211
2018-03-28,981320
2018-03-29,980439
2018-03-30,978454
2018-03-31,979285
2018-04-01,979600
2018-04-02,980508
2018-04-03,981690
2018-04-04,982370
2018-04-05,982298
2018-04-06,983381
2018-04-07,984725
2018-04-08,984852
2018-04-09,986067
2018-04-10,987592
2018-04-11,986403
2018-04-12,986243
2018-04-13,985969
2018-04-14,983181
2018-04-15,981064
2018-04-16,980568
2018-04-17,980413
2018-04-18,981506
2018-04-19,983872
2018-04-20,983076
2018-04-21,984619
2018-04-22,981580
2018-04-23,981087
2018-04-24,981652
2018-04-25,981292
2018-04-26,983883
2018-04-27,982963
2018-04-28,984373
2018-04-29,982875
2018-04-30,981667
2018-05-01,981043
2018-05-02,979265
2018-05-03,979118
2018-05-04,981161
2018-05-05,982812
2018-05-06,982549
2018-05-07,983726
2018-05-08,981415
2018-05-09,980575
2018-05-10,980652
2018-05-11,979735
2018-05-12,983899
2018-05-13,986119
2018-05-14,987546
2018-05-15,988647
2018-05-16,986090
2018-05-17,984093
2018-05-18,983658
2018-05-19,983114
2018-05-20,982794
2018-05-21,984310
2018-05-22,982139
2018-05-23,983943
2018-05-24,982225
2018-05-25,981457
2018-05-26,983415
2018-05-27,981957
2018-05-28,984341
2018-05-29,984493
2018-05-30,985389
2018-05-31,983475
2018-06-01,983121
2018-06-02,982156
2018-06-03,977143
2018-06-04,968326
2018-06-05,963190
2018-06-06,963198
2018-06-07,967325
2018-06-08,977474
2018-06-09,982158
2018-06-10,982842
2018-06-11,983411
2018-06-12,983809
2018-06-13,979021
2018-06-14,979031
2018-06-15,976146
2018-06-16,976467
2018-06-17,982009
2018-06-18,981949
2018-06-19,985449
2018-06-20,984922
2018-06-21,985215
2018-06-22,986695
2018-06-23,984571
2018-06-24,984883
2018-06-25,982884
2018-06-26,980690
2018-06-27,980930
2018-06-28,974372
2018-06-29,969028
2018-06-30,968568
2018-07-01,974724
2018-07-02,989726
2018-07-03,993409
2018-07-04,988214
2018-07-05,980498
2018-07-06,978446
2018-07-07,965392
2018-07-08,974513
2018-07-09,977028
2018-07-10,981493
2018-07-11,986010
2018-07-12,979079
2018-07-13,984631
2018-07-14,984131
2018-07-15,989866
2018-07-16,993928
2018-07-17,996719
2018-07-18,996681
2018-07-19,996914
2018-07-20,997041
2018-07-21,994140
2018-07-22,990296
2018-07-23,983404
2018-07-24,988453
2018-07-25,992464
2018-07-26,994509
2018-07-27,993514
2018-07-28,992526
2018-07-29,980659
2018-07-30,981409
2018-07-31,983160
2018-08-01,979624
2018-08-02,996920
2018-08-03,998085
2018-08-04,994996
2018-08-05,993319
2018-08-06,985557
2018-08-07,985446
2018-08-08,987279
2018-08-09,995339
2018-08-10,996307
2018-08-11,996394
2018-08-12,995943
2018-08-13,989266
2018-08-14,988649
2018-08-15,987656
2018-08-16,989219
2018-08-17,993354
2018-08-18,995198
2018-08-19,995609
2018-08-20,995053
2018-08-21,993811
2018-08-22,991044
2018-08-23,975470
2018-08-24,974482
2018-08-25,975747
2018-08-26,975606
2018-08-27,995627
2018-08-28,996690
2018-08-29,991127
2018-08-30,990635
2018-08-31,986989
2018-09-01,990030
2018-09-02,987520
2018-09-03,989796
2018-09-04,988841
2018-09-05,981910
2018-09-06,987348
2018-09-07,986347
2018-09-08,986395
2018-09-09,989131
2018-09-10,990383
2018-09-11,990510
2018-09-12,988182
2018-09-13,987346
2018-09-14,982347
2018-09-15,983086
2018-09-16,986455
2018-09-17,988417
2018-09-18,991464
2018-09-19,995161
2018-09-20,989782
2018-09-21,988814
2018-09-22,987147
2018-09-23,981958
2018-09-24,989486
2018-09-25,986833
2018-09-26,992779
2018-09-27,992149
2018-09-28,992385
2018-09-29,991500
2018-09-30,989940
2018-10-01,989407
2018-10-02,986447
2018-10-03,990978
2018-10-04,987076
2018-10-05,989889
2018-10-06,990160
2018-10-07,984147
2018-10-08,978607
2018-10-09,975527
2018-10-10,976016
2018-10-11,971556
2018-10-12,983106
2018-10-13,983439
2018-10-14,989518
2018-10-15,990660
2018-10-16,988746
2018-10-17,989643
2018-10-18,985385
2018-10-19,989579
2018-10-20,989229
2018-10-21,992573
2018-10-22,993932
2018-10-23,985113
2018-10-24,983769
2018-10-25,983141
2018-10-26,980139
2018-10-27,984944
2018-10-28,988810
2018-10-29,988527
2018-10-30,991954
2018-10-31,992025
2018-11-01,986111
2018-11-02,985427
2018-11-03,981107
2018-11-04,983769
2018-11-05,985991
2018-11-06,990620
2018-11-07,989883
2018-11-08,983242
2018-11-09,983808
2018-11-10,978815
2018-11-11,982076
2018-11-12,985571
2018-11-13,988136
2018-11-14,988989
2018-11-15,-1369323
2018-11-16,-1365274
2018-11-17,-1361003
2018-11-18,-1354388
2018-11-19,984715
2018-11-20,986761
2018-11-21,991509
2018-11-22,996698
2018-11-23,996015
2018-11-24,989045
2018-11-25,990302
2018-11-26,986656
2018-11-27,985980
2018-11-28,990852
2018-11-29,992384
2018-11-30,995928
2018-12-01,996764
2018-12-02,993555
2018-12-03,991016
2018-12-04,988679
2018-12-05,986824
2018-12-06,992696
2018-12-07,993204
2018-12-08,996261
2018-12-09,998164
2018-12-10,995932
2018-12-11,993309
2018-12-12,991426
2018-12-13,990160
2018-12-14,987866
2018-12-15,992698
2018-12-16,993339
2018-12-17,996502
2018-12-18,995581
2018-12-19,992236
2018-12-20,992300
2018-12-21,987181
2018-12-22,989350
2018-12-23,990674
2018-12-24,992260
2018-12-25,994778
2018-12-26,993741
2018-12-27,993297
2018-12-28,990169
2018-12-29,991528
2018-12-30,987613
2018-12-31,988627
2019-01-01,987376
2019-01-02,990660
2019-01-03,993428
2019-01-04,985812
2019-01-05,988270
2019-01-06,982313
2019-01-07,985380
2019-01-08,993303
2019-01-09,994736
2019-01-10,995909
2019-01-11,987194
2019-01-12,984124
2019-01-13,981339
2019-01-14,983000
2019-01-15,985349
2019-01-16,984870
2019-01-17,987456
2019-01-18,991255
2019-01-19,993669
2019-01-20,996403
2019-01-21,993533
2019-01-22,987034
2019-01-23,989057
2019-01-24,988667
2019-01-25,991457
2019-01-26,996705
2019-01-27,990146
2019-01-28,991445
2019-01-29,989391
2019-01-30,987462
2019-01-31,989078
2019-02-01,988688
2019-02-02,991368
2019-02-03,990637
2019-02-04,990725
2019-02-05,985122
2019-02-06,981414
2019-02-07,979479
2019-02-08,985359
2019-02-09,987636
2019-02-10,0
2019-02-11,994393
2019-02-12,988082
2019-02-13,990349
2019-02-14,985458
2019-02-15,982388
2019-02-16,985665
2019-02-17,987632
2019-02-18,990568
2019-02-19,990488
2019-02-20,990498
2019-02-21,984305
2019-02-22,983090
2019-02-23,984671
2019-02-24,988648
2019-02-25,994007
2019-02-26,995343
2019-02-27,995582
2019-02-28,988264
2019-03-01,983872
2019-03-02,978655
2019-03-03,979594
2019-03-04,985191
2019-03-05,989149
2019-03-06,991930
2019-03-07,0
2019-03-08,988430
2019-03-09,979858
2019-03-10,982035
2019-03-11,982218
2019-03-12,986916
2019-03-13,993179
2019-03-14,995093
2019-03-15,997741
2019-03-16,994745
2019-03-17,995078
2019-03-18,988149
2019-03-19,983373
2019-03-20,979188
2019-03-21,981016
2019-03-22,987697
2019-03-23,993173
2019-03-24,999198
2019-03-25,993719
2019-03-26,991285
2019-03-27,986041
2019-03-28,984094
2019-03-29,990013
2019-03-30,989557
2019-03-31,992813
2019-04-01,994205
2019-04-02,996672
2019-04-03,994961
2019-04-05,990298
2019-04-06,991080
2019-04-07,991085
2019-04-08,990312
2019-04-09,990020
2019-04-10,972619
2019-04-11,970764
2019-04-12,974249
2019-04-13,975200
2019-04-14,991899
2019-04-15,994330
2019-04-16,995773
2019-04-17,996446
2019-04-18,995615
2019-04-19,993768
2019-04-20,991411
2019-04-21,990678
2019-04-22,991983
2019-04-23,0
2019-04-24,996768
2019-04-25,996808
2019-04-26,983524
2019-04-27,986458
2019-04-28,981441
2019-04-29,981054
2019-04-30,994466
2019-05-01,994845
2019-05-02,998210
2019-05-03,991540
2019-05-04,988617
2019-05-05,984386
2019-05-06,980696
2019-05-07,982120
2019-05-08,983996
2019-05-09,986182
2019-05-10,987672
2019-05-11,992656
2019-05-12,976157
2019-05-13,978093
2019-05-14,977920
2019-05-15,977237
2019-05-16,990482
2019-05-17,990820
2019-05-18,995228
2019-05-19,991450
2019-05-20,991858
2019-05-21,988678
2019-05-22,986387
2019-05-23,992143
2019-05-24,993860
2019-05-25,1000068
2019-05-26,996527
2019-05-27,996428
2019-05-28,985033
2019-05-29,983319
2019-05-30,980610
2019-05-31,976759
2019-06-01,991397
2019-06-02,993536
2019-06-03,998212
2019-06-04,998594
2019-06-05,998080
2019-06-06,996470
2019-06-07,994528
2019-06-08,989535
2019-06-09,988951
2019-06-10,988068
2019-06-11,985056
2019-06-12,985061
2019-06-13,978030
2019-06-14,980048
2019-06-15,977148
2019-06-16,985081
2019-06-17,990678
2019-06-18,989973
2019-06-19,995018
2019-06-20,994768
2019-06-21,995245
2019-06-22,990646
2019-06-23,992510
2019-06-24,993242
2019-06-25,994870
2019-06-26,998975
2019-06-27,998833
2019-06-28,992599
2019-06-29,983742
2019-06-30,983616
2019-07-01,970648
2019-07-02,974870
2019-07-03,976903
2019-07-04,972976
2019-07-05,978260
2019-07-06,974475
2019-07-07,973626
2019-07-08,968138
2019-07-09,969677
2019-07-10,977030
2019-07-11,982022
2019-07-12,989292
2019-07-13,992450
2019-07-14,993448
2019-07-15,992307
2019-07-16,989100
2019-07-17,987790
2019-07-18,987511
2019-07-19,992000
2019-07-20,993406
2019-07-21,878029
2019-07-22,875831
2019-07-23,874000
2019-07-24,873925
2019-07-25,991071
2019-07-26,991618
2019-07-27,993514
2019-07-28,995642
2019-07-29,992557
2019-07-30,983114
2019-07-31,978088
2019-08-01,975900
2019-08-02,977076
2019-08-03,984185
2019-08-04,988993
2019-08-05,990220
2019-08-06,993318
2019-08-07,991380
2019-08-08,991176
2019-08-09,985077
2019-08-10,983065
2019-08-11,986852
2019-08-12,984610
2019-08-13,985668
2019-08-14,991123
2019-08-15,987643
2019-08-16,983614
2019-08-17,984835
2019-08-18,981860
2019-08-19,984677
2019-08-20,988580
2019-08-21,991640
2019-08-22,993731
2019-08-23,992056
2019-08-24,993304
2019-08-25,992695
2019-08-26,990329
2019-08-27,986370
2019-08-28,989612
2019-08-29,995045
2019-08-30,997129
2019-08-31,997946
2019-09-01,989262
2019-09-02,985047
2019-09-03,981818
2019-09-04,983253
2019-09-05,990777
2019-09-06,932772
2019-09-07,933937
2019-09-08,931420
2019-09-09,0
2019-09-10,991542
2019-09-11,988158
2019-09-12,987547
2019-09-13,987831
2019-09-14,991458
2019-09-15,993158
2019-09-16,987292
2019-09-17,979190
2019-09-18,973823
2019-09-19,969865
2019-09-20,975028
2019-09-21,986955
2019-09-22,991080
2019-09-23,993042
2019-09-24,995340
2019-09-25,995942
2019-09-26,993508
2019-09-27,992705
2019-09-28,988672
2019-09-29,990758
2019-09-30,989787
2019-10-01,993030
2019-10-02,987779
2019-10-03,978148
2019-10-04,977039
2019-10-05,969920
2019-10-06,978028
2019-10-07,988053
2019-10-08,991744
2019-10-09,995660
2019-10-10,995229
2019-10-11,993305
2019-10-12,988748
2019-10-13,985415
2019-10-14,983656
2019-10-15,991505
2019-10-16,992415
2019-10-17,993799
2019-10-18,991883
2019-10-19,986619
2019-10-20,987075
2019-10-21,985736
2019-10-22,988320
2019-10-23,989832
2019-10-24,993248
2019-10-25,992112
2019-10-26,989735
2019-10-27,990863
2019-10-28,986289
2019-10-29,986622
2019-10-30,982670
2019-10-31,979115
2019-11-01,979016
2019-11-02,977278
2019-11-03,979923
2019-11-04,953984
2019-11-05,979511
2019-11-06,978421
2019-11-07,979078
2019-11-08,988812
2019-11-09,996227
2019-11-10,995626
2019-11-11,991978
2019-11-12,991720
2019-11-13,988342
2019-11-14,985828
2019-11-15,989450
2019-11-16,991632
2019-11-17,992549
2019-11-18,993154
2019-11-19,990734
2019-11-20,983202
2019-11-21,984471
2019-11-22,984515
2019-11-23,987540
2019-11-24,0
2019-11-25,993203
2019-11-26,994677
2019-11-27,989223
2019-11-28,990353
2019-11-29,987355
2019-11-30,987519
2019-12-01,990602
2019-12-02,992107
2019-12-03,996809
2019-12-04,999442
2019-12-05,998446
2019-12-06,998953
2019-12-07,995285
2019-12-08,991105
2019-12-09,0
2019-12-10,989834
2019-12-11,992061
2019-12-12,997581
2019-12-13,997547
2019-12-14,997271
2019-12-15,993493
2019-12-16,990770
2019-12-17,987200
2019-12-18,983919
2019-12-19,989884
2019-12-20,985219
2019-12-21,987309
2019-12-22,983217
2019-12-23,980735
2019-12-24,983549
2019-12-25,985380
2019-12-26,990884
2019-12-27,991574
2019-12-28,994754
2019-12-29,989977
2019-12-30,987192
2019-12-31,986392
2020-01-01,985722
2020-01-02,988498
2020-01-03,0
2020-01-04,990651
2020-01-05,994104
2020-01-06,994207
2020-01-07,991734
2020-01-08,0
2020-01-09,987890
2020-01-10,989011
2020-01-11,991015
2020-01-12,989709
2020-01-13,997367
2020-01-14,992064
2020-01-15,989063
2020-01-16,985807
2020-01-17,981993
2020-01-18,985906
2020-01-19,991059
2020-01-20,990764
2020-01-21,993377
2020-01-22,993051
2020-01-23,987017
2020-01-24,989233
2020-01-25,986254
2020-01-26,988781
2020-01-27,994404
2020-01-28,995644
2020-01-29,998087
2020-01-30,990261
2020-01-31,989320
2020-02-01,985259
2020-02-02,981687
2020-02-03,986349
2020-02-04,0
2020-02-05,988054
2020-02-06,993097
2020-02-07,996315
2020-02-08,993799
2020-02-09,994821
2020-02-10,990962
2020-02-11,990596
2020-02-12,991182
2020-02-13,994263
2020-02-14,997066
2020-02-15,991303
2020-02-16,992688
2020-02-17,986524
2020-02-18,985564
2020-02-19,990815
2020-02-20,990866
2020-02-21,995906
2020-02-22,995684
2020-02-23,996877
2020-02-24,990145
2020-02-25,988583
2020-02-26,986275
2020-02-27,986897
2020-02-28,993332
2020-02-29,994746
2020-03-01,998525
2020-03-02,997856
2020-03-03,996872
2020-03-04,990758
2020-03-05,985611
2020-03-06,983844
2020-03-07,0
2020-03-08,987703
2020-03-09,989315
2020-03-10,742398
2020-03-11,-1370959
2020-03-12,-1370814
2020-03-13,-1408689
2020-03-14,-1374274
2020-03-15,995026
2020-03-16,995029
2020-03-17,996954
2020-03-18,995070
2020-03-19,994899
2020-03-20,991390
