date,value
6/1/2002,992647
6/2/2002,974894
6/3/2002,987117
6/4/2002,989854
6/5/2002,991804
6/6/2002,936062
6/7/2002,978536
6/8/2002,982199
6/9/2002,983817
6/10/2002,989258
6/11/2002,986214
6/12/2002,988173
6/13/2002,977974
6/14/2002,981661
6/15/2002,977691
6/16/2002,982986
6/17/2002,916474
6/18/2002,972209
6/22/2002,950211
6/23/2002,948395
6/25/2002,970726
6/26/2002,971585
6/27/2002,970675
6/28/2002,971078
6/29/2002,971078
6/30/2002,-32000
7/1/2002,963736
7/2/2002,971110
7/3/2002,970850
7/4/2002,970850
7/5/2002,973769
7/6/2002,970943
7/7/2002,949645
7/8/2002,949645
7/9/2002,949508
7/10/2002,953844
7/11/2002,965569
7/12/2002,966267
7/13/2002,964919
7/14/2002,967909
7/15/2002,967909
7/16/2002,970799
7/17/2002,968925
7/18/2002,974245
7/19/2002,972076
7/20/2002,971058
7/21/2002,950749
7/22/2002,935147
7/23/2002,931097
7/24/2002,931097
7/25/2002,928581
7/26/2002,937334
7/27/2002,926649
7/28/2002,938003
7/29/2002,958065
7/30/2002,960703
7/31/2002,960703
8/1/2002,-32000
8/2/2002,-32000
8/3/2002,-32000
8/4/2002,-32000
8/5/2002,-32000
8/6/2002,-32000
8/7/2002,-32000
8/8/2002,979629
8/9/2002,979629
8/10/2002,981067
8/11/2002,949120
8/12/2002,931646
8/13/2002,944316
8/14/2002,927403
8/15/2002,969373
8/16/2002,969373
8/17/2002,972346
8/18/2002,972092
8/19/2002,975296
8/20/2002,975038
8/21/2002,975058
8/22/2002,974305
8/23/2002,970998
8/24/2002,972207
8/25/2002,972137
8/26/2002,970034
8/27/2002,962022
8/28/2002,954223
8/29/2002,940887
8/30/2002,927171
8/31/2002,923784
9/1/2002,923784
9/2/2002,957903
9/3/2002,953114
9/4/2002,964786
9/5/2002,968786
9/6/2002,965047
9/7/2002,977008
9/8/2002,979553
9/9/2002,962885
9/10/2002,962885
9/11/2002,957782
9/12/2002,963837
9/13/2002,972992
9/14/2002,972992
9/15/2002,974826
9/16/2002,-32000
9/17/2002,-32000
9/18/2002,-32000
9/19/2002,-32000
9/20/2002,954441
9/21/2002,958420
9/22/2002,958420
9/23/2002,961542
9/24/2002,963250
9/25/2002,964724
9/26/2002,964724
9/27/2002,960988
9/28/2002,960988
9/29/2002,-32000
9/30/2002,968994
10/1/2002,968994
10/2/2002,966558
10/3/2002,966558
10/4/2002,971476
10/6/2002,976843
10/7/2002,963626
10/8/2002,957948
10/9/2002,950017
10/10/2002,938613
10/11/2002,959184
10/12/2002,959184
10/13/2002,965417
10/14/2002,965353
10/15/2002,968710
10/16/2002,967647
10/17/2002,965130
10/18/2002,960167
10/19/2002,960167
10/20/2002,961707
10/21/2002,957428
10/22/2002,957824
10/23/2002,959936
10/24/2002,956955
10/25/2002,966123
10/26/2002,970896
10/27/2002,971478
10/28/2002,971478
10/29/2002,966775
10/30/2002,966342
10/31/2002,966353
11/1/2002,966063
11/2/2002,965720
11/3/2002,967256
11/4/2002,967256
11/5/2002,970347
11/6/2002,969821
11/7/2002,970345
11/8/2002,970382
11/9/2002,969794
11/10/2002,972415
11/11/2002,973503
11/12/2002,974290
11/13/2002,974290
11/14/2002,974200
11/15/2002,973844
11/16/2002,974160
11/17/2002,975103
11/18/2002,974528
11/19/2002,976683
11/20/2002,976683
11/21/2002,975136
11/22/2002,975910
11/23/2002,976791
11/24/2002,976896
11/25/2002,976227
11/26/2002,976273
11/27/2002,975277
11/28/2002,977981
11/29/2002,977981
11/30/2002,980952
12/1/2002,981079
12/2/2002,980641
12/3/2002,978680
12/4/2002,978862
12/5/2002,975298
12/6/2002,975298
12/8/2002,980277
12/9/2002,982957
12/10/2002,983700
12/11/2002,984334
12/12/2002,976527
12/13/2002,972876
12/14/2002,967912
12/15/2002,967912
12/16/2002,978210
12/17/2002,979040
12/18/2002,980609
12/19/2002,979436
12/20/2002,978771
12/21/2002,977641
12/22/2002,977641
12/23/2002,976554
12/24/2002,975564
12/25/2002,975355
12/26/2002,975336
12/27/2002,974836
12/28/2002,976503
12/29/2002,975579
12/30/2002,977867
12/31/2002,977867
1/1/2003,979427
1/2/2003,979731
1/3/2003,981477
1/4/2003,979564
1/5/2003,978683
1/6/2003,978252
1/7/2003,978252
1/8/2003,982485
1/9/2003,982091
1/10/2003,982282
1/11/2003,981830
1/12/2003,981547
1/13/2003,981457
1/14/2003,980905
1/15/2003,983221
1/16/2003,983221
1/17/2003,985462
1/18/2003,982958
1/19/2003,981529
1/20/2003,983247
1/21/2003,982077
1/22/2003,984324
1/23/2003,984324
1/24/2003,986103
1/25/2003,985572
1/26/2003,988670
1/27/2003,986780
1/28/2003,985723
1/29/2003,986792
1/30/2003,983726
1/31/2003,984958
2/1/2003,984958
2/2/2003,985977
2/3/2003,985071
2/4/2003,986349
2/5/2003,984673
2/6/2003,981929
2/7/2003,981028
2/8/2003,981028
2/9/2003,984029
2/10/2003,984557
2/11/2003,986746
2/12/2003,987201
2/13/2003,987879
2/14/2003,987053
2/15/2003,985375
2/16/2003,985888
2/17/2003,985888
2/18/2003,988189
2/19/2003,986574
2/20/2003,984859
2/21/2003,981937
2/22/2003,979183
2/23/2003,980368
2/24/2003,980368
2/25/2003,983513
2/26/2003,982316
2/27/2003,983060
2/28/2003,983800
3/1/2003,984493
3/2/2003,986212
3/3/2003,985693
3/4/2003,980978
3/5/2003,980978
3/6/2003,983744
3/7/2003,982417
3/8/2003,982771
3/9/2003,984056
3/10/2003,982687
3/11/2003,985179
3/12/2003,985179
3/13/2003,983246
3/14/2003,984049
3/15/2003,982479
3/16/2003,982098
3/17/2003,983121
3/18/2003,983679
3/19/2003,982541
3/20/2003,983205
3/21/2003,983205
3/22/2003,983744
3/23/2003,980960
3/24/2003,980629
3/25/2003,981053
3/26/2003,978560
3/27/2003,982495
3/28/2003,982495
3/29/2003,981173
3/30/2003,981274
3/31/2003,981581
4/1/2003,982666
4/2/2003,983545
4/3/2003,985069
4/4/2003,985006
4/5/2003,984563
4/6/2003,984563
4/7/2003,982167
4/8/2003,982313
4/9/2003,982565
4/10/2003,982945
4/11/2003,982795
4/12/2003,982037
4/13/2003,982037
4/14/2003,980809
4/15/2003,980602
4/16/2003,982697
4/17/2003,981185
4/18/2003,980776
4/19/2003,981997
4/20/2003,979821
4/21/2003,989481
4/22/2003,989481
4/23/2003,987860
4/24/2003,988379
4/25/2003,984566
4/26/2003,983631
4/27/2003,984096
4/28/2003,981265
4/29/2003,981265
4/30/2003,981114
5/1/2003,981188
5/2/2003,981878
5/3/2003,982095
5/5/2003,985271
5/6/2003,982434
5/7/2003,985612
5/8/2003,985612
5/9/2003,983971
5/10/2003,983018
5/11/2003,983122
5/12/2003,985671
5/13/2003,985557
5/14/2003,987269
5/15/2003,987269
5/16/2003,984620
5/17/2003,985537
5/18/2003,986735
5/19/2003,987999
5/20/2003,987915
5/21/2003,987035
5/22/2003,985229
5/23/2003,979150
5/24/2003,979150
5/25/2003,977798
5/26/2003,980434
5/27/2003,981804
5/28/2003,979305
5/29/2003,980353
5/30/2003,982520
5/31/2003,982520
6/1/2003,995197
6/2/2003,993478
6/3/2003,993414
6/4/2003,991949
6/5/2003,986932
6/6/2003,966840
6/7/2003,956298
6/8/2003,944398
6/9/2003,944398
6/10/2003,971308
6/11/2003,970262
6/12/2003,970183
6/13/2003,971100
6/14/2003,968758
6/15/2003,969384
6/16/2003,969384
6/17/2003,963388
6/18/2003,963388
6/19/2003,957093
6/20/2003,957415
6/21/2003,957603
6/22/2003,960557
6/23/2003,960557
6/24/2003,968026
6/25/2003,968026
6/26/2003,972637
6/27/2003,970606
6/28/2003,968076
6/29/2003,965929
6/30/2003,962949
7/1/2003,918367
7/2/2003,918367
7/3/2003,918827
7/4/2003,929428
7/5/2003,929689
7/6/2003,937580
7/7/2003,930315
7/8/2003,915525
7/9/2003,929834
7/10/2003,910550
7/11/2003,910550
7/12/2003,940245
7/13/2003,947316
7/14/2003,958836
7/15/2003,942619
7/16/2003,935913
7/17/2003,933756
7/18/2003,933756
7/19/2003,955167
7/20/2003,955722
7/21/2003,958084
7/22/2003,960444
7/23/2003,963815
7/24/2003,967933
7/25/2003,969387
7/26/2003,961013
7/27/2003,961013
7/28/2003,950689
7/29/2003,956196
7/30/2003,959850
7/31/2003,956589
8/1/2003,956270
8/2/2003,955670
8/3/2003,955670
8/4/2003,943176
8/5/2003,948991
8/6/2003,929381
8/7/2003,935540
8/8/2003,941100
8/9/2003,922424
8/10/2003,929639
8/11/2003,916050
8/12/2003,916050
8/13/2003,921773
8/14/2003,920192
8/15/2003,915742
8/16/2003,933199
8/17/2003,942632
8/18/2003,942362
8/19/2003,942362
8/20/2003,938081
8/21/2003,947746
8/22/2003,961944
8/23/2003,961133
8/24/2003,960643
8/25/2003,947488
8/26/2003,941368
8/27/2003,945349
8/28/2003,945349
8/29/2003,953394
8/30/2003,955469
8/31/2003,950809
9/1/2003,952397
9/2/2003,957093
9/3/2003,963470
9/4/2003,963470
9/5/2003,969904
9/6/2003,969274
9/7/2003,968882
9/8/2003,972469
9/9/2003,974411
9/10/2003,976573
9/11/2003,976623
9/12/2003,972928
9/13/2003,972928
9/14/2003,975236
9/15/2003,932470
9/16/2003,912300
9/17/2003,931188
9/18/2003,905316
9/19/2003,960913
9/20/2003,960913
9/21/2003,920007
9/22/2003,930292
9/23/2003,932245
9/24/2003,935659
9/25/2003,953050
9/26/2003,960246
9/27/2003,957810
9/28/2003,970394
9/29/2003,970394
9/30/2003,975945
10/1/2003,968552
10/2/2003,963590
10/3/2003,968718
10/4/2003,963890
10/5/2003,975616
10/6/2003,975616
10/7/2003,975866
10/8/2003,976349
10/9/2003,977806
10/10/2003,978393
10/11/2003,977938
10/12/2003,979223
10/13/2003,980893
10/14/2003,981322
10/15/2003,981322
10/16/2003,976340
10/17/2003,977016
10/18/2003,976556
10/19/2003,979715
10/20/2003,981907
10/21/2003,986451
10/22/2003,986451
10/23/2003,984439
10/24/2003,982332
10/25/2003,978245
10/26/2003,977980
10/27/2003,977798
10/28/2003,980151
10/29/2003,979755
10/30/2003,982600
10/31/2003,982600
11/1/2003,-32000
11/2/2003,-32000
11/3/2003,-32000
11/4/2003,-32000
11/5/2003,-32000
11/6/2003,-32000
11/7/2003,-32000
11/8/2003,974829
11/9/2003,974604
11/10/2003,976140
11/11/2003,974595
11/12/2003,974249
11/13/2003,972444
11/14/2003,969434
11/15/2003,969960
11/16/2003,969960
11/17/2003,973305
11/18/2003,972874
11/19/2003,974382
11/20/2003,975100
11/21/2003,974914
11/22/2003,977376
11/23/2003,977376
11/24/2003,979511
11/25/2003,977973
11/26/2003,978427
11/27/2003,978308
11/28/2003,977207
11/29/2003,976565
11/30/2003,975064
12/1/2003,971076
12/2/2003,971076
12/3/2003,974454
12/4/2003,975167
12/5/2003,978105
12/6/2003,977652
12/7/2003,976893
12/8/2003,973480
12/9/2003,973480
12/10/2003,972475
12/11/2003,973817
12/12/2003,975509
12/13/2003,975616
12/14/2003,975945
12/15/2003,975237
12/16/2003,975480
12/17/2003,975135
12/18/2003,975135
12/19/2003,973237
12/20/2003,971776
12/21/2003,970398
12/22/2003,971701
12/23/2003,971345
12/24/2003,972680
12/25/2003,972680
12/26/2003,972775
12/27/2003,973303
12/28/2003,974948
12/29/2003,974007
12/30/2003,973656
12/31/2003,974445
1/1/2004,-32000
1/2/2004,981750
1/3/2004,981750
1/4/2004,978958
1/5/2004,978725
1/6/2004,976807
1/7/2004,975322
1/8/2004,974909
1/9/2004,978839
1/10/2004,978839
1/11/2004,981450
1/12/2004,979357
1/13/2004,978958
1/14/2004,980526
1/15/2004,980997
1/16/2004,983753
1/17/2004,983679
1/18/2004,980487
1/19/2004,980487
1/20/2004,979510
1/21/2004,978256
1/22/2004,978114
1/23/2004,977078
1/24/2004,975246
1/25/2004,976956
1/26/2004,976956
1/27/2004,979375
1/28/2004,979086
1/29/2004,979380
1/30/2004,979716
1/31/2004,979576
2/1/2004,979437
2/2/2004,979334
2/3/2004,978870
2/4/2004,978870
2/5/2004,978440
2/6/2004,977247
2/7/2004,976036
2/8/2004,976431
2/9/2004,976566
2/10/2004,979872
2/11/2004,979872
2/12/2004,982068
2/13/2004,981897
2/14/2004,981918
2/15/2004,982628
2/16/2004,982528
2/17/2004,981023
2/18/2004,980539
2/19/2004,981486
2/20/2004,981486
2/21/2004,984733
2/22/2004,983079
2/23/2004,983270
2/24/2004,981673
2/25/2004,979162
2/26/2004,978466
2/27/2004,978466
2/28/2004,982595
2/29/2004,982153
3/1/2004,984338
3/2/2004,983651
3/3/2004,982816
3/4/2004,982654
3/5/2004,980238
3/7/2004,979851
3/8/2004,981827
3/9/2004,980729
3/10/2004,981511
3/11/2004,981531
3/12/2004,979682
3/13/2004,982937
3/14/2004,982937
3/15/2004,985582
3/16/2004,985201
3/17/2004,985681
3/18/2004,984626
3/19/2004,983308
3/20/2004,983286
3/21/2004,982700
3/22/2004,984099
3/23/2004,984099
3/24/2004,986114
3/25/2004,986233
3/26/2004,986841
3/27/2004,986501
3/28/2004,985255
3/29/2004,984670
3/30/2004,984670
3/31/2004,986773
4/1/2004,986773
4/2/2004,990237
4/4/2004,989552
4/5/2004,987257
4/6/2004,985121
4/7/2004,982506
4/8/2004,982506
4/9/2004,983648
4/10/2004,982385
4/11/2004,981184
4/12/2004,982811
4/13/2004,983268
4/14/2004,987194
4/15/2004,987194
4/16/2004,988885
4/17/2004,988725
4/18/2004,988485
4/19/2004,987624
4/20/2004,986695
4/21/2004,983962
4/22/2004,981873
4/23/2004,981959
4/24/2004,981959
4/25/2004,983744
4/26/2004,984968
4/27/2004,984514
4/28/2004,985424
4/29/2004,987767
4/30/2004,988938
5/1/2004,988938
5/2/2004,988030
5/3/2004,986695
5/4/2004,985552
5/5/2004,985748
5/6/2004,985044
5/7/2004,984534
5/8/2004,983403
5/9/2004,983863
5/10/2004,983863
5/11/2004,987917
5/12/2004,985393
5/13/2004,983494
5/14/2004,985347
5/15/2004,984206
5/16/2004,988626
5/17/2004,988626
5/18/2004,988623
5/19/2004,988494
5/20/2004,988149
5/21/2004,987716
5/22/2004,987471
5/23/2004,987540
5/24/2004,987220
5/25/2004,988035
5/26/2004,988035
5/27/2004,985350
5/28/2004,989004
5/29/2004,987987
5/30/2004,989833
5/31/2004,993834
6/1/2004,986813
6/2/2004,986813
6/3/2004,986198
6/4/2004,986955
6/5/2004,988427
6/6/2004,990515
6/7/2004,988525
6/8/2004,981353
6/9/2004,980882
6/10/2004,955577
6/11/2004,955577
6/12/2004,959934
6/13/2004,962195
6/14/2004,972988
6/15/2004,944135
6/16/2004,924019
6/17/2004,923952
6/18/2004,923952
6/19/2004,965833
6/20/2004,967014
6/21/2004,969757
6/22/2004,970863
6/23/2004,971702
6/24/2004,970757
6/25/2004,970040
6/26/2004,972493
6/27/2004,972493
6/28/2004,971926
6/29/2004,948735
6/30/2004,933806
7/1/2004,948147
7/2/2004,938185
7/3/2004,968720
7/4/2004,968720
7/5/2004,967294
7/6/2004,961714
7/7/2004,965517
7/8/2004,969881
7/9/2004,966803
7/10/2004,972200
7/11/2004,967030
7/12/2004,931546
7/13/2004,931546
7/14/2004,936241
7/15/2004,935282
7/16/2004,953914
7/17/2004,959482
7/18/2004,953366
7/19/2004,976847
7/20/2004,976847
7/21/2004,977294
7/22/2004,971978
7/24/2004,974102
7/25/2004,976544
7/26/2004,980513
7/27/2004,984005
7/28/2004,976185
7/29/2004,976185
7/30/2004,976025
7/31/2004,988621
8/2/2004,981171
8/3/2004,984752
8/4/2004,975212
8/5/2004,975212
8/6/2004,985521
8/7/2004,976684
8/8/2004,974983
8/9/2004,977752
8/10/2004,975996
8/11/2004,987807
8/12/2004,988648
8/13/2004,985102
8/14/2004,985102
8/15/2004,975588
8/16/2004,968809
8/17/2004,965478
8/18/2004,963539
8/19/2004,957495
8/20/2004,974411
8/21/2004,974411
8/22/2004,981938
8/23/2004,983205
8/24/2004,980714
8/25/2004,983317
8/26/2004,985502
8/27/2004,989034
8/28/2004,992521
8/29/2004,989720
8/30/2004,989720
8/31/2004,981777
9/1/2004,976529
9/2/2004,968444
9/3/2004,974702
9/4/2004,970559
9/5/2004,980483
9/6/2004,980483
9/7/2004,977960
9/8/2004,980863
9/9/2004,967012
9/10/2004,970772
9/11/2004,967172
9/12/2004,968405
9/13/2004,983772
9/14/2004,984097
9/15/2004,984097
9/16/2004,968737
9/17/2004,963669
9/18/2004,953127
9/19/2004,961973
9/20/2004,961802
9/21/2004,978429
9/22/2004,978429
9/23/2004,984782
9/24/2004,985201
9/25/2004,985798
9/26/2004,985405
9/27/2004,984000
9/28/2004,981343
9/29/2004,981419
9/30/2004,979893
10/1/2004,979893
10/2/2004,981820
10/3/2004,985151
10/4/2004,987242
10/5/2004,985434
10/6/2004,986450
10/7/2004,980679
10/8/2004,980679
10/9/2004,982615
10/10/2004,981596
10/11/2004,981502
10/12/2004,981990
10/13/2004,981822
10/14/2004,976864
10/15/2004,974273
10/16/2004,970253
10/17/2004,970253
10/18/2004,979671
10/19/2004,981133
10/20/2004,983684
10/21/2004,981141
10/22/2004,980418
10/23/2004,980178
10/24/2004,980178
10/25/2004,986649
10/26/2004,985953
10/27/2004,983916
10/28/2004,984810
10/29/2004,983921
10/30/2004,982373
10/31/2004,983985
11/1/2004,979316
11/2/2004,979316
11/3/2004,981579
11/4/2004,981566
11/5/2004,983678
11/6/2004,983796
11/7/2004,982540
11/8/2004,987191
11/9/2004,987191
11/10/2004,988344
11/11/2004,985856
11/12/2004,984853
11/13/2004,984769
11/14/2004,984408
11/15/2004,987151
11/16/2004,986283
11/17/2004,988675
11/18/2004,988675
11/19/2004,986728
11/20/2004,986728
11/21/2004,-32000
11/22/2004,990368
11/23/2004,990368
11/24/2004,988545
11/25/2004,988545
11/26/2004,984667
11/27/2004,984527
11/28/2004,984966
11/29/2004,985035
11/30/2004,985969
12/1/2004,986676
12/2/2004,986130
12/3/2004,987789
12/4/2004,987789
12/5/2004,990359
12/6/2004,987181
12/7/2004,987179
12/8/2004,986506
12/9/2004,983678
12/10/2004,981518
12/11/2004,981518
12/12/2004,981134
12/13/2004,983652
12/14/2004,987633
12/15/2004,986836
12/16/2004,988011
12/17/2004,989044
12/18/2004,988167
12/19/2004,990470
12/20/2004,990470
12/21/2004,989150
12/22/2004,987523
12/23/2004,987051
12/24/2004,988262
12/25/2004,987523
12/26/2004,991421
12/27/2004,991421
12/28/2004,990299
12/29/2004,990555
12/30/2004,991105
12/31/2004,988882
1/1/2005,988472
1/2/2005,988800
1/3/2005,986438
1/4/2005,987517
1/5/2005,987517
1/6/2005,989446
1/7/2005,988628
1/8/2005,989148
1/9/2005,989827
1/10/2005,989530
1/11/2005,992068
1/12/2005,992068
1/13/2005,989096
1/14/2005,988812
1/15/2005,987848
1/16/2005,986805
1/17/2005,987209
1/18/2005,987379
1/19/2005,985745
1/20/2005,987821
1/21/2005,987821
1/22/2005,989623
1/23/2005,987550
1/24/2005,987599
1/25/2005,986401
1/26/2005,985086
1/27/2005,987407
1/28/2005,987407
1/29/2005,991684
1/30/2005,991212
1/31/2005,992309
2/1/2005,991767
2/2/2005,991417
2/3/2005,989661
2/4/2005,987443
2/5/2005,987411
2/6/2005,987411
2/7/2005,990585
2/8/2005,989226
2/9/2005,988989
2/10/2005,985614
2/11/2005,982172
2/12/2005,982404
2/13/2005,982404
2/14/2005,988996
2/15/2005,989758
2/16/2005,991825
2/17/2005,991363
2/18/2005,991765
2/19/2005,992184
2/20/2005,992302
2/21/2005,993876
2/22/2005,993876
2/23/2005,990601
2/24/2005,989795
2/25/2005,988573
2/26/2005,988847
2/27/2005,988441
2/28/2005,989393
3/1/2005,989393
3/2/2005,975011
3/3/2005,975635
3/4/2005,967452
3/5/2005,966943
3/6/2005,961397
3/7/2005,963207
3/8/2005,973135
3/9/2005,978679
3/10/2005,978679
3/11/2005,977265
3/12/2005,976564
3/13/2005,977441
3/14/2005,977428
3/15/2005,976172
3/16/2005,975717
3/17/2005,975717
3/18/2005,976358
3/19/2005,978069
3/20/2005,980173
3/21/2005,978884
3/22/2005,978558
3/23/2005,977603
3/24/2005,975986
3/25/2005,978043
3/26/2005,978043
3/27/2005,977591
3/28/2005,978596
3/29/2005,979013
3/30/2005,979293
3/31/2005,980314
4/1/2005,978655
4/2/2005,978655
4/3/2005,977635
4/4/2005,976811
4/5/2005,975993
4/6/2005,977139
4/7/2005,977044
4/8/2005,975677
4/9/2005,975744
4/10/2005,977618
4/11/2005,977618
4/12/2005,982322
4/13/2005,980377
4/14/2005,979127
4/15/2005,978018
4/16/2005,976778
4/17/2005,979483
4/18/2005,979483
4/19/2005,982901
4/20/2005,981421
4/21/2005,979809
4/22/2005,979579
4/23/2005,978973
4/24/2005,977917
4/25/2005,979149
4/26/2005,979286
4/27/2005,979286
4/28/2005,980105
4/29/2005,978895
4/30/2005,979148
5/1/2005,978483
5/2/2005,977323
5/3/2005,980607
5/4/2005,980607
5/5/2005,980797
5/6/2005,979942
5/7/2005,980843
5/8/2005,980580
5/9/2005,979869
5/10/2005,979255
5/11/2005,975735
5/12/2005,981356
5/13/2005,981356
5/14/2005,969795
5/15/2005,967526
5/16/2005,952289
5/17/2005,955903
5/18/2005,959033
5/19/2005,954669
5/20/2005,954669
5/21/2005,958950
5/22/2005,964736
5/23/2005,971256
5/24/2005,963554
5/25/2005,961822
5/26/2005,961271
5/27/2005,955737
5/28/2005,971468
5/29/2005,971468
5/30/2005,971517
5/31/2005,971329
6/1/2005,971040
6/2/2005,971953
6/3/2005,972018
6/4/2005,979783
6/5/2005,979783
6/6/2005,985826
6/7/2005,979299
6/8/2005,973986
6/9/2005,973803
6/10/2005,973803
6/11/2005,969965
6/12/2005,967666
6/13/2005,965870
6/14/2005,965870
6/15/2005,967194
6/16/2005,967244
6/17/2005,970826
6/18/2005,969378
6/19/2005,965070
6/20/2005,969202
6/21/2005,969202
6/22/2005,973852
6/23/2005,974100
6/24/2005,977186
6/25/2005,977953
6/26/2005,978561
6/27/2005,977734
6/28/2005,977020
6/29/2005,966467
6/30/2005,966467
7/1/2005,959855
7/2/2005,959855
7/3/2005,-32000
7/4/2005,-32000
7/5/2005,-32000
7/6/2005,-32000
7/7/2005,-32000
7/8/2005,-32000
7/9/2005,-32000
7/10/2005,-32000
7/11/2005,-32000
7/12/2005,-32000
7/13/2005,943149
7/14/2005,943149
7/15/2005,943149
7/16/2005,943149
7/17/2005,-32000
7/18/2005,-32000
7/19/2005,-32000
7/20/2005,-32000
7/21/2005,-32000
7/22/2005,-32000
7/23/2005,-32000
7/24/2005,980056
7/25/2005,980056
7/26/2005,982418
7/27/2005,982588
7/28/2005,983353
7/29/2005,983353
7/30/2005,980803
7/31/2005,-32000
8/1/2005,-32000
8/2/2005,943666
8/3/2005,955741
8/4/2005,955741
8/5/2005,960555
8/6/2005,969169
8/7/2005,969516
8/8/2005,969516
8/9/2005,970040
8/10/2005,961802
8/11/2005,963589
8/12/2005,964671
8/13/2005,961432
8/14/2005,975088
8/15/2005,974855
8/16/2005,962648
8/17/2005,962648
8/18/2005,955698
8/19/2005,944772
8/20/2005,943868
8/21/2005,950371
8/22/2005,941614
8/23/2005,966828
8/24/2005,966828
8/25/2005,959430
8/26/2005,962419
8/27/2005,957107
8/28/2005,955243
8/29/2005,951889
8/30/2005,945487
8/31/2005,937180
9/1/2005,942191
9/2/2005,942191
9/3/2005,957704
9/4/2005,956433
9/5/2005,957285
9/6/2005,962224
9/7/2005,961235
9/8/2005,962145
9/9/2005,962145
9/10/2005,952740
9/11/2005,960323
9/12/2005,969007
9/13/2005,972687
9/14/2005,976370
9/15/2005,979599
9/16/2005,980751
9/17/2005,977925
9/18/2005,977925
9/19/2005,975083
9/20/2005,972622
9/21/2005,972470
9/22/2005,963734
9/23/2005,957278
9/24/2005,949614
9/25/2005,949614
9/26/2005,925753
9/27/2005,922091
9/28/2005,922419
9/29/2005,940159
9/30/2005,951217
10/1/2005,962867
10/2/2005,965470
10/3/2005,963998
10/4/2005,963998
10/5/2005,971758
10/6/2005,967406
10/7/2005,966437
10/8/2005,966403
10/9/2005,962670
10/10/2005,973148
10/11/2005,973148
10/12/2005,966609
10/13/2005,970838
10/14/2005,970760
10/15/2005,973232
10/16/2005,978565
10/17/2005,978681
10/18/2005,977705
10/19/2005,978883
10/20/2005,978883
10/21/2005,978750
10/22/2005,977789
10/23/2005,978511
10/24/2005,982596
10/25/2005,983594
10/26/2005,982641
10/27/2005,982641
10/28/2005,976440
10/29/2005,975683
10/30/2005,976656
10/31/2005,977774
11/1/2005,977611
11/2/2005,978565
11/3/2005,978970
11/4/2005,974298
11/5/2005,974298
11/6/2005,977095
11/7/2005,977088
11/8/2005,979363
11/9/2005,979889
11/10/2005,978863
11/11/2005,979231
11/12/2005,979231
11/13/2005,980047
11/14/2005,979792
11/15/2005,982236
11/16/2005,981778
11/17/2005,982202
11/18/2005,983406
11/19/2005,981796
11/20/2005,982662
11/21/2005,982662
11/22/2005,983507
11/23/2005,983273
11/24/2005,983454
11/25/2005,985451
11/26/2005,986292
11/27/2005,985549
11/28/2005,985549
11/29/2005,982161
11/30/2005,980932
12/1/2005,982184
12/2/2005,982424
12/3/2005,982140
12/4/2005,983272
12/5/2005,982744
12/6/2005,982445
12/7/2005,982625
12/8/2005,981132
12/9/2005,981297
12/10/2005,980433
12/11/2005,980234
12/12/2005,979344
12/13/2005,979630
12/14/2005,979630
12/15/2005,980035
12/16/2005,980391
12/17/2005,980428
12/18/2005,981009
12/19/2005,981490
12/20/2005,981693
12/21/2005,981766
12/22/2005,982578
12/23/2005,982578
12/24/2005,982404
12/25/2005,981790
12/26/2005,980734
12/27/2005,980373
12/28/2005,979518
12/29/2005,979541
12/30/2005,979541
12/31/2005,979473
1/1/2006,979694
1/2/2006,979650
1/3/2006,981296
1/4/2006,982217
1/5/2006,983059
1/6/2006,983696
1/7/2006,983278
1/8/2006,983278
1/9/2006,983377
1/10/2006,984134
1/11/2006,983968
1/12/2006,984169
1/13/2006,984959
1/14/2006,984160
1/15/2006,984160
1/16/2006,983715
1/17/2006,983828
1/18/2006,984073
1/19/2006,983002
1/20/2006,982737
1/21/2006,983322
1/22/2006,981703
1/23/2006,983925
1/24/2006,983925
1/25/2006,982795
1/26/2006,984296
1/27/2006,986133
1/28/2006,979190
1/29/2006,979190
1/30/2006,979480
1/31/2006,979480
2/1/2006,987060
2/2/2006,986124
2/3/2006,988426
2/4/2006,988367
2/5/2006,988455
2/6/2006,989061
2/7/2006,986995
2/8/2006,987062
2/9/2006,987062
2/10/2006,987676
2/11/2006,987844
2/12/2006,987319
2/13/2006,987852
2/14/2006,988909
2/15/2006,989348
2/16/2006,989348
2/17/2006,985435
2/18/2006,986790
2/19/2006,986210
2/20/2006,986535
2/21/2006,987628
2/22/2006,986869
2/23/2006,986931
2/24/2006,-32000
2/25/2006,-32000
2/26/2006,991517
2/27/2006,990061
2/28/2006,990061
3/1/2006,990061
3/2/2006,988344
3/3/2006,-32000
3/4/2006,-32000
3/5/2006,989348
3/6/2006,989348
3/7/2006,988807
3/8/2006,988807
3/9/2006,987159
3/10/2006,987159
3/11/2006,-32000
3/12/2006,-32000
3/13/2006,-32000
3/14/2006,985050
3/15/2006,986259
3/16/2006,986259
3/17/2006,988169
3/18/2006,989348
3/19/2006,990251
3/20/2006,990251
3/21/2006,989579
3/22/2006,988053
3/23/2006,987550
3/24/2006,986574
3/25/2006,985424
3/26/2006,985045
3/27/2006,983376
3/28/2006,987744
3/29/2006,987347
3/30/2006,989100
3/31/2006,985329
4/1/2006,981996
4/2/2006,983419
4/3/2006,982531
4/4/2006,986152
4/5/2006,986152
4/6/2006,986340
4/7/2006,986068
4/8/2006,986187
4/9/2006,986629
4/10/2006,987106
4/11/2006,988610
4/12/2006,988860
4/13/2006,986574
4/14/2006,986574
4/15/2006,985768
4/16/2006,984772
4/17/2006,985061
4/18/2006,985924
4/19/2006,984785
4/20/2006,985804
4/21/2006,985804
4/22/2006,986873
4/23/2006,987780
4/24/2006,990183
4/25/2006,989537
4/26/2006,989189
4/27/2006,988839
4/28/2006,987841
4/29/2006,986091
4/30/2006,986091
5/1/2006,985871
5/2/2006,986366
5/3/2006,987624
5/4/2006,987326
5/5/2006,986871
5/6/2006,987084
5/7/2006,987084
5/8/2006,987978
5/9/2006,987273
5/10/2006,986962
5/11/2006,986962
5/12/2006,985534
5/13/2006,990158
5/14/2006,990158
5/15/2006,989153
5/16/2006,989153
5/17/2006,985790
5/18/2006,986112
5/19/2006,985466
5/20/2006,986162
5/21/2006,986799
5/22/2006,986135
5/23/2006,986135
5/24/2006,986901
5/25/2006,984854
5/26/2006,988740
5/27/2006,987215
5/28/2006,984922
5/29/2006,985962
5/30/2006,983283
5/31/2006,985206
6/1/2006,985206
6/2/2006,984419
6/3/2006,982957
6/4/2006,979711
6/5/2006,979868
6/6/2006,976619
6/7/2006,979085
6/8/2006,979085
6/9/2006,976209
6/10/2006,975119
6/11/2006,969383
6/12/2006,971966
6/13/2006,971182
6/14/2006,975515
6/15/2006,978423
6/16/2006,969103
6/17/2006,969103
6/18/2006,963834
6/19/2006,965684
6/20/2006,968247
6/21/2006,969143
6/22/2006,969380
6/23/2006,953752
6/24/2006,953752
6/25/2006,956363
6/26/2006,960931
6/27/2006,977151
6/28/2006,975669
6/29/2006,973993
6/30/2006,972994
7/1/2006,966952
7/2/2006,965150
7/3/2006,965150
7/4/2006,968953
7/5/2006,968953
7/6/2006,975371
7/7/2006,973177
7/8/2006,970296
7/9/2006,971628
7/10/2006,971628
7/11/2006,975009
7/12/2006,974147
7/13/2006,976224
7/14/2006,974916
7/15/2006,972394
7/16/2006,970066
7/17/2006,966505
7/18/2006,965604
7/19/2006,965604
7/20/2006,971371
7/21/2006,968016
7/22/2006,965804
7/23/2006,946138
7/24/2006,932826
7/25/2006,934423
7/26/2006,934423
7/27/2006,933866
7/28/2006,931514
7/29/2006,931521
7/30/2006,938172
7/31/2006,949352
8/1/2006,965902
8/2/2006,965178
8/3/2006,961411
8/4/2006,961411
8/5/2006,961130
8/6/2006,961804
8/7/2006,967502
8/8/2006,974467
8/9/2006,975309
8/10/2006,973133
8/11/2006,973133
8/12/2006,944021
8/13/2006,951084
8/14/2006,945814
8/15/2006,951352
8/16/2006,957150
8/17/2006,952568
8/18/2006,954890
8/19/2006,955861
8/20/2006,955861
8/21/2006,963827
8/22/2006,965946
8/23/2006,963489
8/24/2006,965808
8/25/2006,970901
8/26/2006,970765
8/27/2006,970765
8/28/2006,979629
8/29/2006,944284
8/30/2006,947033
8/31/2006,946987
9/1/2006,934661
9/2/2006,946161
9/3/2006,943689
9/4/2006,950972
9/5/2006,950972
9/6/2006,969140
9/7/2006,968135
9/8/2006,972147
9/10/2006,972944
9/11/2006,982630
9/12/2006,982630
9/13/2006,983086
9/14/2006,979812
9/15/2006,975521
9/16/2006,974938
9/17/2006,970806
9/18/2006,976330
9/19/2006,976330
9/20/2006,978402
9/21/2006,978402
9/22/2006,978593
9/23/2006,977986
9/24/2006,977022
9/25/2006,978506
9/26/2006,977181
9/27/2006,978742
9/28/2006,978742
9/29/2006,976490
9/30/2006,980053
10/1/2006,976868
10/2/2006,977036
10/3/2006,977829
10/4/2006,972967
10/5/2006,970452
10/6/2006,970605
10/7/2006,970605
10/8/2006,977044
10/9/2006,973575
10/10/2006,972420
10/11/2006,971919
10/12/2006,968255
10/13/2006,972415
10/14/2006,972415
10/15/2006,977013
10/16/2006,977878
10/17/2006,978301
10/18/2006,978488
10/19/2006,978397
10/20/2006,976619
10/21/2006,975675
10/22/2006,973481
10/23/2006,973481
10/24/2006,974335
10/25/2006,975857
10/26/2006,976454
10/27/2006,976335
10/28/2006,977344
10/29/2006,977496
10/30/2006,977496
10/31/2006,978094
11/1/2006,977094
11/2/2006,974791
11/3/2006,975319
11/4/2006,974713
11/5/2006,974421
11/6/2006,975240
11/7/2006,974216
11/8/2006,974216
11/9/2006,976871
11/10/2006,977382
11/11/2006,978356
11/12/2006,980208
11/13/2006,980925
11/14/2006,978552
11/15/2006,978552
11/16/2006,977404
11/17/2006,978310
11/18/2006,980627
11/19/2006,980627
11/20/2006,980685
11/21/2006,974766
11/22/2006,974766
11/23/2006,974513
11/24/2006,974513
11/25/2006,975082
11/26/2006,975564
11/27/2006,976308
11/28/2006,978681
11/29/2006,980071
11/30/2006,983089
12/1/2006,983089
12/2/2006,981936
12/3/2006,981897
12/4/2006,979677
12/5/2006,979924
12/6/2006,979799
12/7/2006,978761
12/8/2006,979933
12/9/2006,977882
12/10/2006,977882
12/11/2006,977725
12/12/2006,978359
12/13/2006,979317
12/14/2006,981022
12/15/2006,981425
12/16/2006,985212
12/17/2006,985212
12/18/2006,984521
12/19/2006,984521
12/20/2006,981233
12/21/2006,982348
12/22/2006,981926
12/23/2006,982494
12/24/2006,982896
12/25/2006,982579
12/26/2006,982579
12/27/2006,981741
12/28/2006,981362
12/29/2006,981109
12/30/2006,983789
12/31/2006,984187
1/1/2007,984529
1/2/2007,984529
1/3/2007,982745
1/4/2007,983308
1/5/2007,983115
1/6/2007,981975
1/7/2007,981244
1/8/2007,979755
1/9/2007,978380
1/10/2007,982016
1/11/2007,981907
1/12/2007,984458
1/13/2007,982720
1/14/2007,981160
1/15/2007,981967
1/16/2007,980298
1/17/2007,981677
1/18/2007,981677
1/19/2007,982987
1/20/2007,983584
1/21/2007,985210
1/22/2007,984390
1/23/2007,983969
1/24/2007,982809
1/25/2007,981124
1/26/2007,983598
1/27/2007,983598
1/28/2007,987501
1/29/2007,987102
1/30/2007,987560
1/31/2007,987382
2/1/2007,986759
2/2/2007,987446
2/3/2007,987446
2/4/2007,987705
2/5/2007,987675
2/6/2007,986718
2/7/2007,987298
2/8/2007,986996
2/9/2007,986468
2/10/2007,986449
2/11/2007,983674
2/12/2007,983674
2/13/2007,984583
2/14/2007,984467
2/15/2007,984834
2/16/2007,985852
2/17/2007,984947
2/18/2007,987791
2/19/2007,987791
2/20/2007,986124
2/21/2007,986124
2/22/2007,-32000
2/23/2007,-32000
2/24/2007,-32000
2/25/2007,-32000
2/26/2007,-32000
2/27/2007,983927
2/28/2007,983927
3/1/2007,986433
3/2/2007,986459
3/3/2007,987300
3/4/2007,988462
3/5/2007,987978
3/6/2007,987537
3/7/2007,987537
3/8/2007,985434
3/9/2007,984093
3/10/2007,983759
3/11/2007,983626
3/12/2007,982944
3/13/2007,981990
3/14/2007,980325
3/15/2007,983887
3/16/2007,983887
3/17/2007,986257
3/18/2007,986228
3/19/2007,985500
3/20/2007,985351
3/21/2007,983212
3/22/2007,984308
3/23/2007,984308
3/24/2007,986501
3/25/2007,986026
3/26/2007,986609
3/27/2007,987314
3/28/2007,986882
3/29/2007,989598
3/30/2007,991198
3/31/2007,989615
4/1/2007,989615
4/2/2007,988072
4/3/2007,985832
4/4/2007,984383
4/5/2007,984903
4/6/2007,982748
4/7/2007,984618
4/8/2007,984618
4/9/2007,985868
4/10/2007,984847
4/11/2007,985768
4/12/2007,985074
4/13/2007,984206
4/14/2007,983920
4/15/2007,981886
4/16/2007,983479
4/17/2007,983479
4/18/2007,985904
4/19/2007,985161
4/20/2007,986153
4/21/2007,986111
4/22/2007,984865
4/23/2007,983391
4/24/2007,983391
4/25/2007,987521
4/26/2007,986557
4/27/2007,987318
4/28/2007,986027
4/29/2007,984509
4/30/2007,986071
5/1/2007,986076
5/2/2007,985034
5/3/2007,985034
5/4/2007,979672
5/5/2007,986686
5/6/2007,989721
5/7/2007,990070
5/8/2007,993701
5/9/2007,989662
5/10/2007,989662
5/11/2007,986502
5/12/2007,987118
5/13/2007,986505
5/14/2007,985179
5/15/2007,984421
5/16/2007,984028
5/17/2007,983235
5/18/2007,986150
5/19/2007,986079
5/20/2007,984593
5/21/2007,986368
5/22/2007,985993
5/23/2007,986009
5/24/2007,986257
5/25/2007,985486
5/26/2007,985486
5/27/2007,990011
5/28/2007,987887
5/29/2007,987832
5/30/2007,989170
5/31/2007,988222
6/1/2007,990329
6/2/2007,989224
6/3/2007,987081
6/4/2007,987081
6/5/2007,988557
6/6/2007,986782
6/7/2007,985766
6/8/2007,986283
6/9/2007,984678
6/10/2007,986111
6/11/2007,986111
6/12/2007,987171
6/13/2007,987743
6/14/2007,969119
6/15/2007,965773
6/16/2007,957128
6/17/2007,950043
6/18/2007,958185
6/19/2007,969196
6/20/2007,969196
6/21/2007,969473
6/22/2007,969732
6/23/2007,964713
6/24/2007,966430
6/25/2007,967804
6/26/2007,967746
6/27/2007,967746
6/28/2007,967422
6/29/2007,967590
6/30/2007,967881
7/1/2007,967428
7/2/2007,965801
7/3/2007,967358
7/4/2007,967625
7/5/2007,938269
7/6/2007,938269
7/7/2007,931338
7/8/2007,938988
7/9/2007,951560
7/10/2007,955487
7/11/2007,953997
7/12/2007,958132
7/13/2007,958132
7/14/2007,953683
7/15/2007,955400
7/16/2007,959948
7/17/2007,943082
7/18/2007,940025
7/19/2007,926337
7/20/2007,897362
7/21/2007,937557
7/22/2007,937557
7/23/2007,965434
7/24/2007,945032
7/25/2007,935132
7/26/2007,943890
7/27/2007,932172
7/28/2007,961949
7/29/2007,961949
7/30/2007,968102
7/31/2007,967089
8/1/2007,972753
8/2/2007,975553
8/3/2007,975398
8/4/2007,977112
8/5/2007,971970
8/6/2007,966595
8/7/2007,966595
8/8/2007,958627
8/9/2007,950319
8/10/2007,938898
8/11/2007,942216
8/12/2007,941581
8/13/2007,936994
8/14/2007,936994
8/15/2007,942873
8/16/2007,946128
8/17/2007,956887
8/18/2007,959353
8/19/2007,958829
8/20/2007,965040
8/21/2007,968443
8/22/2007,959440
8/23/2007,959440
8/24/2007,958417
8/25/2007,955237
8/26/2007,958313
8/27/2007,963622
8/28/2007,960103
8/29/2007,956140
8/30/2007,956140
8/31/2007,953578
9/1/2007,952790
9/2/2007,959351
9/3/2007,966149
9/4/2007,965235
9/5/2007,966056
9/6/2007,964934
9/7/2007,960636
9/8/2007,960636
9/9/2007,971405
9/10/2007,971488
9/11/2007,972466
9/12/2007,976419
9/13/2007,976971
9/14/2007,981028
9/15/2007,981028
9/16/2007,983271
9/17/2007,980754
9/18/2007,982571
9/19/2007,980957
9/20/2007,979133
9/21/2007,980925
9/22/2007,979159
9/23/2007,979502
9/24/2007,979502
9/25/2007,979156
9/26/2007,961280
9/27/2007,950528
9/28/2007,958237
9/29/2007,946868
9/30/2007,974387
10/1/2007,974387
10/2/2007,977161
10/3/2007,977524
10/4/2007,976658
10/5/2007,976774
10/7/2007,976500
10/8/2007,976612
10/9/2007,976743
10/10/2007,976743
10/11/2007,980250
10/12/2007,974269
10/13/2007,971711
10/14/2007,971306
10/15/2007,964745
10/16/2007,973447
10/17/2007,973447
10/18/2007,975761
10/19/2007,975539
10/20/2007,976814
10/21/2007,976207
10/22/2007,976589
10/23/2007,977146
10/24/2007,974185
10/25/2007,975643
10/26/2007,975643
10/27/2007,976152
10/28/2007,977743
10/29/2007,978706
10/30/2007,976992
10/31/2007,976482
11/1/2007,977038
11/2/2007,977038
11/3/2007,978648
11/4/2007,976944
11/5/2007,973161
11/6/2007,972554
11/7/2007,971574
11/8/2007,971618
11/9/2007,971669
11/10/2007,970142
11/11/2007,969928
11/12/2007,973208
11/13/2007,973674
11/14/2007,975841
11/15/2007,975455
11/16/2007,974315
11/17/2007,974829
11/18/2007,974829
11/19/2007,977509
11/20/2007,976732
11/21/2007,976565
11/22/2007,975801
11/23/2007,974594
11/24/2007,973633
11/25/2007,973375
11/26/2007,974242
11/27/2007,974242
11/28/2007,974959
11/29/2007,974959
11/30/2007,-32000
12/1/2007,984363
12/2/2007,984363
12/3/2007,984363
12/4/2007,984363
12/5/2007,-32000
12/6/2007,976109
12/7/2007,974970
12/8/2007,974970
12/9/2007,974970
12/10/2007,973839
12/11/2007,-32000
12/12/2007,982485
12/13/2007,982485
12/14/2007,979732
12/15/2007,979997
12/16/2007,978391
12/17/2007,979074
12/18/2007,980322
12/19/2007,977899
12/20/2007,977899
12/21/2007,976900
12/22/2007,978135
12/23/2007,978969
12/24/2007,978425
12/25/2007,978545
12/26/2007,977614
12/27/2007,976830
12/28/2007,978317
12/29/2007,978317
12/30/2007,981183
12/31/2007,981222
1/1/2008,981354
1/2/2008,980907
1/3/2008,980344
1/4/2008,978274
1/5/2008,978274
1/6/2008,979123
1/7/2008,977552
1/8/2008,978295
1/9/2008,978856
1/10/2008,978355
1/11/2008,980015
1/12/2008,980066
1/13/2008,981732
1/14/2008,981732
1/15/2008,983607
1/16/2008,983238
1/17/2008,983199
1/18/2008,982072
1/19/2008,979972
1/20/2008,976242
1/21/2008,976242
1/22/2008,975564
1/23/2008,977336
1/24/2008,979944
1/25/2008,979491
1/26/2008,980036
1/27/2008,980171
1/28/2008,979309
1/29/2008,978125
1/30/2008,978125
1/31/2008,977479
2/1/2008,977323
2/2/2008,978063
2/3/2008,980921
2/4/2008,981004
2/5/2008,983630
2/6/2008,983630
2/7/2008,981463
2/8/2008,981390
2/9/2008,982571
2/10/2008,982712
2/11/2008,983164
2/12/2008,983809
2/13/2008,982896
2/14/2008,979626
2/15/2008,979626
2/16/2008,979085
2/17/2008,980263
2/18/2008,980839
2/19/2008,979176
2/20/2008,978331
2/21/2008,974205
2/22/2008,974205
2/23/2008,978651
2/24/2008,977996
2/25/2008,980700
2/26/2008,981818
2/27/2008,980724
2/28/2008,982321
2/29/2008,982711
3/1/2008,981783
3/2/2008,981783
3/3/2008,984523
3/4/2008,983608
3/5/2008,984521
3/6/2008,984569
3/7/2008,983223
3/8/2008,981776
3/9/2008,981776
3/10/2008,979543
3/11/2008,979999
3/12/2008,980878
3/13/2008,981421
3/14/2008,980960
3/15/2008,981602
3/16/2008,981804
3/17/2008,980258
3/18/2008,980258
3/19/2008,979710
3/20/2008,980713
3/21/2008,982006
3/22/2008,979589
3/23/2008,978043
3/24/2008,980647
3/25/2008,980647
3/26/2008,986298
3/27/2008,984569
3/28/2008,984893
3/29/2008,984235
3/30/2008,983084
3/31/2008,984812
4/1/2008,984407
4/2/2008,979833
4/3/2008,979833
4/4/2008,979899
4/5/2008,977735
4/6/2008,978894
4/7/2008,978080
4/8/2008,974262
4/9/2008,978367
4/10/2008,978367
4/11/2008,980927
4/12/2008,979912
4/13/2008,979358
4/14/2008,980101
4/15/2008,980236
4/16/2008,982520
4/17/2008,984016
4/18/2008,983718
4/19/2008,983504
4/20/2008,985096
4/21/2008,985032
4/22/2008,985872
4/23/2008,983887
4/24/2008,981038
4/25/2008,979936
4/26/2008,979936
4/27/2008,981062
4/28/2008,979867
4/29/2008,979267
4/30/2008,980124
5/1/2008,979714
5/2/2008,974442
5/3/2008,972915
5/4/2008,967077
5/5/2008,967111
5/6/2008,975789
5/7/2008,976162
5/8/2008,977698
5/9/2008,974715
5/10/2008,972150
5/11/2008,967393
5/12/2008,967393
5/13/2008,971113
5/14/2008,971431
5/15/2008,973683
5/16/2008,972892
5/17/2008,971872
5/18/2008,972842
5/19/2008,971690
5/20/2008,973936
5/21/2008,973485
5/22/2008,971717
5/23/2008,971030
5/24/2008,968309
5/25/2008,969440
5/26/2008,968841
5/27/2008,969123
5/28/2008,969123
5/29/2008,968764
5/30/2008,970133
5/31/2008,970981
6/1/2008,962986
6/2/2008,959682
6/3/2008,959784
6/4/2008,950627
6/5/2008,970098
6/6/2008,970098
6/7/2008,-32000
6/8/2008,967606
6/9/2008,967606
6/10/2008,965778
6/11/2008,965778
6/12/2008,952471
6/13/2008,952471
6/14/2008,936701
6/15/2008,945838
6/16/2008,959108
6/17/2008,957399
6/18/2008,961057
6/19/2008,961739
6/20/2008,955054
6/21/2008,928464
6/22/2008,928464
6/23/2008,925521
6/24/2008,938723
6/25/2008,959725
6/26/2008,962003
6/27/2008,962483
6/28/2008,960455
6/29/2008,960455
6/30/2008,928465
7/1/2008,941356
7/2/2008,941045
7/3/2008,945553
7/4/2008,960762
7/5/2008,960248
7/6/2008,962141
7/7/2008,965771
7/8/2008,965771
7/9/2008,970291
7/10/2008,970744
7/11/2008,971521
7/12/2008,971521
7/13/2008,971646
7/14/2008,973575
7/15/2008,973575
7/16/2008,972514
7/17/2008,974470
7/18/2008,974070
7/19/2008,974131
7/20/2008,975094
7/21/2008,975104
7/22/2008,975415
7/23/2008,967222
7/24/2008,967222
7/25/2008,961620
7/26/2008,965180
7/27/2008,970034
7/28/2008,968130
7/29/2008,969504
7/30/2008,955300
7/31/2008,955300
8/1/2008,944122
8/2/2008,948683
8/3/2008,955933
8/4/2008,968927
8/5/2008,974224
8/6/2008,977064
8/7/2008,978345
8/8/2008,949431
8/9/2008,949431
8/10/2008,950329
8/11/2008,960279
8/12/2008,972209
8/13/2008,965136
8/14/2008,961579
8/15/2008,942038
8/16/2008,942038
8/17/2008,950386
8/18/2008,959012
8/19/2008,958578
8/20/2008,950933
8/21/2008,946099
8/22/2008,936949
8/23/2008,939173
8/24/2008,954513
8/25/2008,954513
8/26/2008,958493
8/27/2008,948300
8/28/2008,941251
8/29/2008,953241
8/30/2008,952726
8/31/2008,964247
9/1/2008,964247
9/2/2008,958775
9/3/2008,954620
9/4/2008,967554
9/5/2008,967789
9/6/2008,968252
9/7/2008,976366
9/8/2008,970937
9/9/2008,961557
9/10/2008,961557
9/11/2008,959586
9/12/2008,965061
9/13/2008,972516
9/14/2008,975620
9/15/2008,978237
9/16/2008,973660
9/17/2008,973660
9/18/2008,967473
9/19/2008,970640
9/20/2008,970259
9/21/2008,972270
9/22/2008,972175
9/23/2008,974871
9/24/2008,980415
9/25/2008,976360
9/26/2008,976360
9/27/2008,961521
9/28/2008,965183
9/29/2008,957954
9/30/2008,962604
10/1/2008,971019
10/2/2008,968581
10/3/2008,968581
10/4/2008,965301
10/5/2008,965659
10/6/2008,967336
10/7/2008,966121
10/8/2008,966160
10/9/2008,968173
10/10/2008,966221
10/11/2008,976201
10/12/2008,976201
10/13/2008,979797
10/14/2008,980202
10/15/2008,979860
10/16/2008,979485
10/17/2008,979530
10/18/2008,975645
10/19/2008,975645
10/20/2008,974980
10/21/2008,976765
10/22/2008,965296
10/23/2008,963806
10/24/2008,959258
10/25/2008,954316
10/26/2008,962047
10/27/2008,967626
10/28/2008,967626
10/29/2008,972393
10/30/2008,973847
10/31/2008,975116
11/1/2008,976156
11/2/2008,977343
11/3/2008,979124
11/4/2008,979124
11/5/2008,977192
11/6/2008,976687
11/7/2008,975123
11/8/2008,976572
11/9/2008,977163
11/10/2008,977102
11/11/2008,978290
11/12/2008,973644
11/13/2008,973644
11/14/2008,974331
11/15/2008,974780
11/16/2008,976553
11/17/2008,977202
11/18/2008,977470
11/19/2008,979452
11/20/2008,979452
11/21/2008,979881
11/22/2008,978537
11/23/2008,978211
11/24/2008,978512
11/25/2008,978654
11/26/2008,977970
11/27/2008,976800
11/28/2008,978327
11/29/2008,978327
11/30/2008,981203
12/1/2008,980673
12/2/2008,980582
12/3/2008,981816
12/4/2008,981963
12/5/2008,981124
12/6/2008,981124
12/7/2008,977102
12/8/2008,976649
12/9/2008,975862
12/10/2008,975837
12/11/2008,976780
12/12/2008,978072
12/13/2008,977820
12/14/2008,977143
12/15/2008,977143
12/16/2008,978464
12/17/2008,978809
12/18/2008,979215
12/19/2008,982910
12/20/2008,983613
12/21/2008,984814
12/22/2008,984814
12/23/2008,979387
12/24/2008,980239
12/25/2008,980182
12/26/2008,980076
12/27/2008,979944
12/28/2008,978644
12/29/2008,978668
12/30/2008,979278
12/31/2008,979278
1/1/2009,983487
1/2/2009,982251
1/3/2009,981428
1/4/2009,980914
1/5/2009,979904
1/6/2009,979631
1/7/2009,979631
1/8/2009,982418
1/9/2009,982184
1/10/2009,982633
1/11/2009,982096
1/12/2009,981022
1/13/2009,979401
1/14/2009,977790
1/15/2009,981092
1/16/2009,981092
1/17/2009,986298
1/18/2009,983672
1/19/2009,982576
1/20/2009,983177
1/21/2009,980954
1/22/2009,982936
1/23/2009,982936
1/24/2009,981993
1/25/2009,982894
1/26/2009,982143
1/27/2009,983008
1/28/2009,982839
1/29/2009,983583
1/30/2009,984034
1/31/2009,985549
2/1/2009,985549
2/2/2009,985362
2/3/2009,985772
2/4/2009,984446
2/5/2009,984507
2/6/2009,985135
2/7/2009,983542
2/8/2009,983542
2/9/2009,984977
2/10/2009,984070
2/11/2009,983320
2/12/2009,983019
2/13/2009,981294
2/14/2009,982955
2/15/2009,983352
2/16/2009,985303
2/17/2009,985303
2/18/2009,985952
2/19/2009,986091
2/20/2009,985282
2/21/2009,984617
2/22/2009,983670
2/23/2009,982689
2/24/2009,982689
2/25/2009,983026
2/26/2009,983447
2/27/2009,984328
2/28/2009,985430
3/1/2009,983484
3/2/2009,979634
3/3/2009,979634
3/4/2009,980307
3/5/2009,980307
3/6/2009,988554
3/7/2009,986534
3/8/2009,986902
3/9/2009,985721
3/10/2009,980386
3/11/2009,982348
3/12/2009,982348
3/13/2009,984568
3/14/2009,983291
3/15/2009,986246
3/16/2009,983915
3/17/2009,980797
3/18/2009,982144
3/19/2009,982144
3/20/2009,985180
3/21/2009,985180
3/22/2009,989401
3/23/2009,983708
3/24/2009,980835
3/25/2009,983323
3/26/2009,980220
3/27/2009,986109
3/28/2009,986109
3/29/2009,989036
3/30/2009,988686
3/31/2009,990851
4/1/2009,989534
4/2/2009,987265
4/3/2009,984736
4/4/2009,984736
4/5/2009,985289
4/6/2009,985289
4/7/2009,990760
4/8/2009,987681
4/9/2009,986490
4/10/2009,986176
4/11/2009,981972
4/12/2009,987031
4/13/2009,987743
4/14/2009,991977
4/15/2009,988177
4/16/2009,984589
4/17/2009,985587
4/18/2009,985587
4/19/2009,982618
4/20/2009,987454
4/21/2009,986015
4/22/2009,986015
4/23/2009,988944
4/24/2009,988362
4/25/2009,991456
4/26/2009,988228
4/27/2009,983104
4/28/2009,980656
4/29/2009,980656
4/30/2009,984818
5/1/2009,985474
5/2/2009,988193
5/3/2009,987973
5/4/2009,985577
5/5/2009,984107
5/6/2009,984107
5/7/2009,986443
5/8/2009,986443
5/9/2009,991010
5/10/2009,989941
5/11/2009,984510
5/12/2009,984161
5/13/2009,984161
5/14/2009,985007
5/15/2009,985007
5/16/2009,985151
5/17/2009,985146
5/18/2009,984800
5/19/2009,975717
5/20/2009,968928
5/21/2009,971266
5/22/2009,971266
5/23/2009,986547
5/24/2009,986547
5/25/2009,986783
5/26/2009,986436
5/27/2009,986966
5/28/2009,987129
5/29/2009,985371
5/30/2009,989285
5/31/2009,989285
6/1/2009,990311
6/2/2009,991370
6/3/2009,990375
6/4/2009,988937
6/5/2009,987899
6/6/2009,983858
6/7/2009,983858
6/8/2009,984631
6/9/2009,984631
6/10/2009,990061
6/11/2009,987253
6/12/2009,986451
6/13/2009,987353
6/14/2009,984983
6/15/2009,949958
6/16/2009,949958
6/17/2009,940741
6/18/2009,953742
6/19/2009,974934
6/20/2009,976309
6/21/2009,977535
6/22/2009,974522
6/23/2009,974522
6/24/2009,974750
6/25/2009,974750
6/26/2009,968131
6/27/2009,972624
6/28/2009,968906
6/29/2009,973785
6/30/2009,980085
7/1/2009,982161
7/2/2009,982161
7/3/2009,982122
7/4/2009,984017
7/5/2009,984558
7/6/2009,985869
7/7/2009,986606
7/8/2009,985523
7/9/2009,985523
7/10/2009,980968
7/11/2009,980968
7/12/2009,982731
7/13/2009,975089
7/14/2009,972565
7/15/2009,951809
7/16/2009,932895
7/17/2009,942550
7/18/2009,942550
7/19/2009,979001
7/20/2009,980571
7/21/2009,982672
7/22/2009,980917
7/23/2009,980281
7/24/2009,979692
7/25/2009,979692
7/26/2009,981885
7/27/2009,981885
7/28/2009,990506
7/29/2009,982033
7/30/2009,981683
7/31/2009,963735
8/1/2009,945985
8/2/2009,951801
8/3/2009,951801
8/4/2009,979799
8/5/2009,978721
8/6/2009,981105
8/7/2009,973750
8/8/2009,965425
8/9/2009,975085
8/10/2009,975085
8/11/2009,991540
8/12/2009,991540
8/13/2009,985741
8/14/2009,984894
8/15/2009,981393
8/16/2009,975480
8/17/2009,973139
8/18/2009,974304
8/19/2009,974304
8/20/2009,982154
8/21/2009,981058
8/22/2009,978866
8/23/2009,978570
8/24/2009,979177
8/25/2009,971469
8/26/2009,971469
8/27/2009,972570
8/28/2009,972570
8/29/2009,984587
8/30/2009,986153
8/31/2009,990873
9/1/2009,987531
9/2/2009,985158
9/3/2009,977692
9/4/2009,977692
9/5/2009,980715
9/6/2009,983379
9/7/2009,987804
9/8/2009,990669
9/9/2009,986787
9/10/2009,986240
9/11/2009,986240
9/12/2009,987222
9/13/2009,987222
9/14/2009,986425
9/15/2009,983231
9/16/2009,982821
9/17/2009,984804
9/18/2009,981612
9/19/2009,986526
9/20/2009,986526
9/21/2009,987024
9/22/2009,968079
9/23/2009,958205
9/24/2009,964585
9/25/2009,946498
9/26/2009,980300
9/27/2009,980300
9/28/2009,990597
9/29/2009,990597
9/30/2009,990711
10/1/2009,987942
10/2/2009,987615
10/3/2009,985508
10/4/2009,981183
10/5/2009,984515
10/6/2009,984515
10/7/2009,990420
10/8/2009,988858
10/9/2009,990853
10/10/2009,988052
10/11/2009,984386
10/12/2009,985082
10/13/2009,985082
10/14/2009,987537
10/15/2009,987537
10/16/2009,988733
10/17/2009,986895
10/18/2009,986135
10/19/2009,984201
10/20/2009,980166
10/21/2009,973979
10/22/2009,973979
10/23/2009,982393
10/24/2009,983971
10/25/2009,986994
10/26/2009,988062
10/27/2009,987288
10/28/2009,983310
10/29/2009,983310
10/30/2009,977411
10/31/2009,977411
11/1/2009,982785
11/2/2009,985263
11/3/2009,989094
11/4/2009,987491
11/5/2009,986415
11/6/2009,985906
11/7/2009,985906
11/8/2009,987560
11/9/2009,986372
11/10/2009,986319
11/11/2009,983652
11/12/2009,980751
11/13/2009,979816
11/14/2009,979816
11/15/2009,980181
11/16/2009,980181
11/17/2009,982286
11/18/2009,983543
11/19/2009,986359
11/20/2009,983809
11/21/2009,982065
11/22/2009,981342
11/23/2009,981342
11/24/2009,985025
11/25/2009,984767
11/26/2009,984431
11/27/2009,982009
11/28/2009,979757
11/29/2009,977719
11/30/2009,977826
12/1/2009,984303
12/2/2009,984303
12/3/2009,989838
12/4/2009,987915
12/5/2009,987142
12/6/2009,984129
12/7/2009,980823
12/8/2009,977741
12/9/2009,977741
12/10/2009,983720
12/11/2009,985037
12/12/2009,989150
12/13/2009,988465
12/14/2009,986716
12/15/2009,985799
12/16/2009,986162
12/17/2009,988346
12/18/2009,988346
12/19/2009,990168
12/20/2009,987318
12/21/2009,986212
12/22/2009,985798
12/23/2009,982620
12/24/2009,984695
12/25/2009,984695
12/26/2009,985794
12/27/2009,985670
12/28/2009,985474
12/29/2009,983539
12/30/2009,981046
12/31/2009,979350
1/1/2010,979459
1/2/2010,980964
1/3/2010,980964
1/4/2010,984840
1/5/2010,984727
1/6/2010,986036
1/7/2010,986178
1/8/2010,984346
1/9/2010,983867
1/10/2010,983867
1/11/2010,985263
1/12/2010,984488
1/13/2010,985012
1/14/2010,984078
1/15/2010,982257
1/16/2010,980739
1/17/2010,981177
1/18/2010,981369
1/19/2010,981369
1/20/2010,986240
1/21/2010,984067
1/22/2010,984836
1/24/2010,980855
1/25/2010,981557
1/26/2010,981557
1/27/2010,985631
1/28/2010,985469
1/29/2010,987700
1/30/2010,985638
1/31/2010,981523
2/1/2010,980857
2/2/2010,980857
2/3/2010,982175
2/4/2010,982175
2/5/2010,-32000
2/6/2010,974536
2/7/2010,974536
2/8/2010,978091
2/9/2010,978091
2/10/2010,982297
2/11/2010,982297
2/12/2010,987458
2/13/2010,985063
2/14/2010,984954
2/15/2010,986429
2/16/2010,984543
2/17/2010,987947
2/18/2010,987947
2/19/2010,986954
2/20/2010,986954
2/21/2010,989628
2/22/2010,986995
2/23/2010,985951
2/24/2010,984621
2/25/2010,982246
2/26/2010,984948
2/27/2010,984948
2/28/2010,988086
3/1/2010,987101
3/2/2010,984155
3/3/2010,983101
3/4/2010,978693
3/5/2010,983250
3/6/2010,983677
3/7/2010,987661
3/8/2010,987661
3/9/2010,989800
3/10/2010,987233
3/11/2010,986169
3/12/2010,985957
3/13/2010,982826
3/14/2010,985281
3/15/2010,985281
3/16/2010,989921
3/17/2010,987651
3/18/2010,988189
3/19/2010,984808
3/20/2010,980227
3/21/2010,980765
3/22/2010,980303
3/23/2010,983763
3/24/2010,983763
3/25/2010,987151
3/26/2010,987073
3/27/2010,989640
3/28/2010,984774
3/29/2010,980960
3/30/2010,978095
3/31/2010,978095
4/1/2010,985231
4/2/2010,984953
4/3/2010,986108
4/4/2010,985834
4/5/2010,984589
4/6/2010,984785
4/7/2010,984785
4/8/2010,984725
4/9/2010,984725
4/10/2010,989438
4/11/2010,987133
4/12/2010,988882
4/13/2010,987323
4/14/2010,981795
4/15/2010,984058
4/16/2010,984058
4/17/2010,988642
4/18/2010,987311
4/19/2010,987664
4/20/2010,989715
4/21/2010,988275
4/22/2010,983908
4/23/2010,983908
4/24/2010,982877
4/25/2010,982877
4/26/2010,992629
4/27/2010,991468
4/28/2010,992739
4/29/2010,990781
4/30/2010,987563
5/1/2010,989055
5/2/2010,989055
5/3/2010,991986
5/4/2010,991634
5/5/2010,991371
5/6/2010,991439
5/7/2010,990528
5/8/2010,988085
5/9/2010,988085
5/10/2010,991236
5/11/2010,991236
5/12/2010,995507
5/13/2010,993534
5/14/2010,991500
5/15/2010,990648
5/16/2010,987669
5/17/2010,985313
5/18/2010,985313
5/19/2010,986062
5/20/2010,986550
5/21/2010,988051
5/22/2010,989678
5/23/2010,987896
5/24/2010,974385
5/25/2010,974385
5/26/2010,975864
5/27/2010,975864
5/28/2010,991376
5/29/2010,989235
5/30/2010,989031
5/31/2010,989497
6/1/2010,987577
6/2/2010,981822
6/3/2010,981822
6/4/2010,980896
6/5/2010,980552
6/6/2010,983203
6/7/2010,981169
6/8/2010,978137
6/9/2010,980194
6/10/2010,980194
6/11/2010,987155
6/12/2010,987155
6/13/2010,969491
6/14/2010,970558
6/15/2010,960197
6/16/2010,963950
6/17/2010,971854
6/18/2010,973689
6/19/2010,973689
6/20/2010,979649
6/21/2010,959017
6/22/2010,950121
6/23/2010,933490
6/24/2010,906226
6/25/2010,944543
6/26/2010,945633
6/27/2010,985574
6/28/2010,985574
6/29/2010,983648
6/30/2010,970644
7/1/2010,966822
7/2/2010,970065
7/3/2010,960076
7/4/2010,976728
7/5/2010,976728
7/6/2010,974642
7/7/2010,974531
7/8/2010,973162
7/9/2010,946729
7/10/2010,933436
7/11/2010,944554
7/12/2010,944728
7/13/2010,943868
7/14/2010,943868
7/15/2010,941012
7/16/2010,935245
7/17/2010,944566
7/18/2010,954720
7/19/2010,949058
7/20/2010,978229
7/21/2010,978229
7/22/2010,979251
7/23/2010,982503
7/24/2010,985662
7/25/2010,982829
7/26/2010,980745
7/27/2010,953026
7/28/2010,953026
7/29/2010,959052
7/30/2010,959052
7/31/2010,988881
8/1/2010,979119
8/2/2010,975694
8/3/2010,978624
8/4/2010,967893
8/5/2010,986157
8/6/2010,986157
8/7/2010,992498
8/8/2010,990516
8/9/2010,989807
8/10/2010,983150
8/11/2010,977920
8/12/2010,960043
8/13/2010,960043
8/14/2010,966839
8/16/2010,979742
8/17/2010,981452
8/18/2010,981967
8/19/2010,978706
8/20/2010,977042
8/21/2010,976446
8/22/2010,976446
8/23/2010,983624
8/24/2010,983901
8/25/2010,985675
8/26/2010,982821
8/27/2010,980301
8/28/2010,966995
8/29/2010,966995
8/30/2010,973426
8/31/2010,973426
9/1/2010,983027
9/2/2010,983561
9/3/2010,980241
9/4/2010,980937
9/5/2010,981356
9/6/2010,981956
9/7/2010,981956
9/8/2010,979081
9/9/2010,978626
9/10/2010,973753
9/11/2010,977472
9/12/2010,977937
9/13/2010,979124
9/14/2010,979124
9/15/2010,986072
9/16/2010,986072
9/17/2010,991086
9/18/2010,987325
9/19/2010,985828
9/20/2010,985635
9/21/2010,981205
9/22/2010,987192
9/23/2010,987192
9/24/2010,991656
9/25/2010,991852
9/26/2010,991108
9/27/2010,992452
9/28/2010,991160
9/29/2010,986303
9/30/2010,986654
10/1/2010,985617
10/2/2010,985617
10/3/2010,992374
10/4/2010,992299
10/5/2010,993427
10/6/2010,991425
10/7/2010,988514
10/8/2010,980341
10/9/2010,980341
10/10/2010,987484
10/11/2010,989300
10/12/2010,992758
10/13/2010,993489
10/14/2010,991654
10/15/2010,992964
10/16/2010,992964
10/17/2010,992243
10/18/2010,992243
10/19/2010,991895
10/20/2010,991170
10/21/2010,990422
10/22/2010,987876
10/23/2010,984270
10/24/2010,988487
10/25/2010,988487
10/26/2010,993518
10/27/2010,990877
10/28/2010,988436
10/29/2010,989397
10/30/2010,987639
10/31/2010,989255
11/1/2010,989397
11/2/2010,988690
11/3/2010,988690
11/4/2010,991500
11/5/2010,988608
11/6/2010,988427
11/7/2010,987763
11/8/2010,983433
11/9/2010,985558
11/10/2010,985558
11/11/2010,987466
11/12/2010,987576
11/13/2010,988572
11/14/2010,986237
11/15/2010,984160
11/16/2010,984796
11/17/2010,984796
11/18/2010,988800
11/19/2010,988800
11/20/2010,990005
11/21/2010,987403
11/22/2010,986352
11/23/2010,986056
11/24/2010,983060
11/25/2010,984489
11/26/2010,984489
11/27/2010,987463
11/28/2010,987517
11/29/2010,988967
11/30/2010,986274
12/1/2010,984328
12/2/2010,981866
12/3/2010,981866
12/4/2010,984076
12/5/2010,984076
12/6/2010,988183
12/7/2010,987315
12/8/2010,988204
12/9/2010,987003
12/10/2010,985834
12/11/2010,987092
12/12/2010,987092
12/13/2010,987874
12/14/2010,987514
12/15/2010,987128
12/16/2010,983964
12/17/2010,982376
12/18/2010,977954
12/19/2010,977954
12/20/2010,983648
12/21/2010,983648
12/22/2010,990004
12/23/2010,987390
12/24/2010,987445
12/25/2010,983959
12/26/2010,980627
12/27/2010,982733
12/28/2010,982733
12/29/2010,984372
12/30/2010,983930
12/31/2010,982302
1/1/2011,981776
1/2/2011,981236
1/3/2011,989319
1/4/2011,990317
1/5/2011,992351
1/6/2011,989807
1/7/2011,991507
1/8/2011,986777
1/9/2011,987962
1/10/2011,985612
1/11/2011,982733
1/12/2011,979539
1/13/2011,979539
1/14/2011,983681
1/15/2011,985000
1/16/2011,987653
1/17/2011,984083
1/18/2011,982024
1/19/2011,974926
1/20/2011,974926
1/21/2011,981312
1/22/2011,981312
1/23/2011,989145
1/24/2011,985467
1/25/2011,983378
1/26/2011,984540
1/27/2011,982457
1/28/2011,986272
1/29/2011,986272
1/30/2011,986652
1/31/2011,986146
2/1/2011,986750
2/2/2011,985121
2/3/2011,983443
2/4/2011,981702
2/5/2011,981702
2/6/2011,981644
2/7/2011,981644
2/8/2011,986861
2/9/2011,986246
2/10/2011,988365
2/11/2011,984710
2/12/2011,980052
2/13/2011,978953
2/14/2011,978953
2/15/2011,980980
2/16/2011,979695
2/17/2011,978529
2/18/2011,980055
2/19/2011,979854
2/20/2011,980892
2/21/2011,980892
2/22/2011,980130
2/23/2011,980130
2/24/2011,983886
2/25/2011,982001
2/26/2011,982261
2/27/2011,982420
2/28/2011,980007
3/1/2011,981560
3/2/2011,981560
3/3/2011,985462
3/4/2011,984296
3/5/2011,985380
3/6/2011,984098
3/7/2011,981132
3/8/2011,983995
3/9/2011,983995
3/10/2011,985469
3/11/2011,985469
3/12/2011,988032
3/13/2011,987283
3/14/2011,988147
3/15/2011,986312
3/16/2011,982052
3/17/2011,983680
3/18/2011,983680
3/19/2011,983948
3/20/2011,985103
3/21/2011,984801
3/22/2011,982694
3/23/2011,982712
3/24/2011,978706
3/25/2011,978706
3/26/2011,982339
3/27/2011,982339
3/28/2011,988738
3/29/2011,988545
3/30/2011,989835
3/31/2011,990752
4/1/2011,988464
4/2/2011,985435
4/3/2011,985435
4/4/2011,984258
4/5/2011,983936
4/6/2011,984417
4/7/2011,983024
4/8/2011,980518
4/9/2011,981313
4/10/2011,981030
4/11/2011,983456
4/12/2011,983456
4/13/2011,986693
4/14/2011,984943
4/15/2011,986019
4/16/2011,984259
4/17/2011,980323
4/18/2011,984154
4/19/2011,984154
4/20/2011,989595
4/21/2011,987660
4/22/2011,987462
4/23/2011,986111
4/24/2011,982936
4/25/2011,981413
4/26/2011,981413
4/28/2011,985570
4/29/2011,991702
5/1/2011,989834
5/2/2011,986996
5/3/2011,982933
5/4/2011,985835
5/5/2011,985835
5/6/2011,988652
5/7/2011,989375
5/8/2011,988156
5/10/2011,986988
5/12/2011,985359
5/13/2011,985587
5/15/2011,990963
5/16/2011,990488
5/17/2011,991638
5/18/2011,990276
5/20/2011,989650
5/21/2011,989650
5/22/2011,989881
5/23/2011,990317
5/24/2011,988140
5/25/2011,986118
5/26/2011,986118
5/27/2011,985283
5/29/2011,989216
5/30/2011,989216
5/31/2011,988919
6/1/2011,985036
6/2/2011,982950
6/3/2011,982807
6/4/2011,976803
6/5/2011,979769
6/6/2011,979769
6/8/2011,982001
6/9/2011,984084
6/10/2011,979147
6/11/2011,976399
6/12/2011,974953
6/14/2011,977589
6/15/2011,977589
6/16/2011,978636
6/17/2011,980540
6/19/2011,982016
6/21/2011,983068
6/22/2011,983068
6/23/2011,975964
6/24/2011,975935
6/25/2011,970770
6/26/2011,971472
6/29/2011,942846
6/30/2011,941805
7/1/2011,941805
7/2/2011,974849
7/3/2011,964551
7/5/2011,963935
7/6/2011,955217
7/7/2011,975190
7/8/2011,975190
7/10/2011,980641
7/11/2011,979621
7/13/2011,976561
7/14/2011,976892
7/15/2011,976892
7/16/2011,984168
7/17/2011,984168
7/19/2011,986745
7/20/2011,986858
7/21/2011,962365
7/22/2011,946867
7/23/2011,944864
7/24/2011,944864
7/25/2011,979297
7/26/2011,979939
7/27/2011,979962
7/28/2011,980650
7/31/2011,976089
8/1/2011,974604
8/4/2011,970172
8/5/2011,963660
8/7/2011,976432
8/8/2011,964501
8/9/2011,964501
8/10/2011,961300
8/11/2011,958876
8/12/2011,962517
8/13/2011,966177
8/14/2011,963260
8/16/2011,958410
8/17/2011,922406
8/19/2011,897081
8/20/2011,902101
8/21/2011,902934
8/22/2011,894763
8/23/2011,896929
8/24/2011,918152
8/25/2011,918152
8/26/2011,955913
8/27/2011,954925
8/28/2011,954910
8/29/2011,962171
8/30/2011,963394
9/1/2011,964940
9/2/2011,946077
9/3/2011,946077
9/5/2011,964368
9/6/2011,977969
9/8/2011,966428
9/9/2011,971682
9/11/2011,986462
9/12/2011,986151
9/13/2011,986994
9/15/2011,984672
9/16/2011,986236
9/17/2011,986236
9/18/2011,988655
9/21/2011,980041
9/23/2011,976801
9/24/2011,970641
9/25/2011,963572
9/26/2011,963572
9/27/2011,968595
9/28/2011,970183
9/29/2011,981449
9/30/2011,977305
4/1/2013,989258
4/2/2013,987171
4/3/2013,985267
4/4/2013,985244
4/5/2013,981764
4/6/2013,981545
4/7/2013,982152
4/8/2013,983774
4/9/2013,987761
4/10/2013,988248
4/11/2013,989628
4/12/2013,989671
4/13/2013,987063
4/14/2013,986097
4/15/2013,985839
4/16/2013,984138
4/17/2013,986880
4/18/2013,987773
4/19/2013,986687
4/20/2013,986384
4/21/2013,983765
4/22/2013,983258
4/23/2013,981814
4/24/2013,982582
4/25/2013,984630
4/26/2013,985364
4/27/2013,986243
4/28/2013,984762
4/29/2013,983345
4/30/2013,982044
5/1/2013,983098
5/2/2013,982422
5/3/2013,982457
5/4/2013,983090
5/5/2013,981527
5/6/2013,982790
5/7/2013,981060
5/8/2013,981810
5/9/2013,981259
5/10/2013,982274
5/11/2013,984001
5/12/2013,982455
5/13/2013,987377
5/14/2013,-32000
5/15/2013,982938
5/16/2013,979482
5/17/2013,981978
5/18/2013,981935
5/19/2013,983246
5/20/2013,986254
5/21/2013,985196
5/22/2013,985430
5/23/2013,982397
5/24/2013,980759
5/25/2013,979919
5/26/2013,980484
5/27/2013,983378
5/28/2013,983984
5/29/2013,986587
5/30/2013,982404
5/31/2013,971419
6/1/2013,956692
6/2/2013,953586
6/3/2013,955060
6/4/2013,966037
6/5/2013,976064
6/6/2013,972135
6/7/2013,971454
6/8/2013,956919
6/9/2013,961463
6/10/2013,961570
6/11/2013,964768
6/12/2013,973728
6/13/2013,971009
6/14/2013,975612
6/15/2013,971334
6/16/2013,975560
6/17/2013,976014
6/18/2013,973226
6/19/2013,972852
6/20/2013,970744
6/21/2013,970410
6/22/2013,968790
6/23/2013,970229
6/24/2013,968620
6/25/2013,968454
6/26/2013,970145
6/27/2013,970640
6/28/2013,958250
6/29/2013,952730
6/30/2013,951276
7/1/2013,937337
7/2/2013,952265
7/3/2013,955377
7/4/2013,956918
7/5/2013,966383
7/6/2013,966967
7/7/2013,966107
7/8/2013,963177
7/9/2013,966100
7/10/2013,964012
7/11/2013,965658
7/12/2013,964819
7/13/2013,967549
7/14/2013,967278
7/15/2013,971166
7/16/2013,978569
7/17/2013,977490
7/18/2013,977643
7/19/2013,974992
7/20/2013,975889
7/21/2013,975553
7/22/2013,977416
7/23/2013,978630
7/24/2013,974793
7/25/2013,971497
7/26/2013,964433
7/27/2013,962414
7/28/2013,964562
7/29/2013,966880
7/30/2013,971551
7/31/2013,960220
8/1/2013,956595
8/2/2013,949939
8/3/2013,941214
8/4/2013,943837
8/5/2013,937480
8/6/2013,938941
8/7/2013,948941
8/8/2013,958536
8/9/2013,961270
8/10/2013,968035
8/11/2013,969864
8/12/2013,970941
8/13/2013,972688
8/14/2013,970539
8/15/2013,963535
8/16/2013,961164
8/17/2013,962642
8/18/2013,960665
8/19/2013,967063
8/20/2013,966165
8/21/2013,962406
8/22/2013,957193
8/23/2013,956366
8/24/2013,959857
8/25/2013,960448
8/26/2013,967095
8/27/2013,963762
8/28/2013,962890
8/29/2013,969466
8/30/2013,972879
8/31/2013,974693
9/1/2013,977645
9/2/2013,975423
9/3/2013,975403
9/4/2013,978518
9/5/2013,969291
9/6/2013,963551
9/7/2013,955452
9/8/2013,952116
9/9/2013,955765
9/10/2013,961001
9/11/2013,967875
9/12/2013,967559
9/13/2013,968508
9/14/2013,968415
9/15/2013,941223
9/16/2013,941543
9/17/2013,940998
9/18/2013,941249
9/19/2013,968865
9/20/2013,973542
9/21/2013,976091
9/22/2013,979539
9/23/2013,980790
9/24/2013,977160
9/25/2013,977052
9/26/2013,938755
9/27/2013,932812
9/28/2013,919646
9/29/2013,917399
9/30/2013,952168
10/1/2013,957389
10/2/2013,970867
10/3/2013,975182
10/4/2013,977736
10/5/2013,977965
10/6/2013,977579
10/7/2013,974113
10/8/2013,974476
10/9/2013,974109
10/10/2013,977150
10/11/2013,980534
10/12/2013,982024
10/13/2013,984321
10/14/2013,982741
10/15/2013,985047
10/16/2013,981820
10/17/2013,980711
10/18/2013,981910
10/19/2013,979376
10/20/2013,981524
10/21/2013,980765
10/22/2013,975720
10/23/2013,971002
10/24/2013,970054
10/25/2013,968731
10/26/2013,972673
10/27/2013,961357
10/28/2013,959788
10/29/2013,961117
10/30/2013,962158
10/31/2013,978043
11/1/2013,978987
11/2/2013,979813
11/3/2013,978290
11/4/2013,979826
11/5/2013,981935
11/6/2013,981018
11/7/2013,982316
11/8/2013,980353
11/9/2013,977727
11/10/2013,977784
11/11/2013,976759
11/12/2013,977157
11/13/2013,979291
11/14/2013,979376
11/15/2013,978039
11/16/2013,978043
11/17/2013,975788
11/18/2013,976202
11/19/2013,977727
11/20/2013,979380
11/21/2013,981812
11/22/2013,981020
11/23/2013,979950
11/24/2013,978158
11/25/2013,978016
11/26/2013,977648
11/27/2013,979520
11/28/2013,980241
11/29/2013,980091
11/30/2013,981704
12/1/2013,979701
12/2/2013,977872
12/3/2013,976516
12/4/2013,977147
12/5/2013,979929
12/6/2013,982617
12/7/2013,985057
12/8/2013,984300
12/9/2013,983639
12/10/2013,982640
12/11/2013,981603
12/12/2013,980707
12/13/2013,979794
12/14/2013,980163
12/15/2013,980388
12/16/2013,981147
12/17/2013,980244
12/18/2013,979196
12/19/2013,979044
12/20/2013,979539
12/21/2013,981811
12/22/2013,982042
12/23/2013,982284
12/24/2013,980581
12/25/2013,978781
12/26/2013,978200
12/27/2013,976957
12/28/2013,977524
12/29/2013,978295
12/30/2013,979499
12/31/2013,981281
1/1/2014,983152
1/2/2014,982170
1/3/2014,982530
1/4/2014,981982
1/5/2014,980972
1/6/2014,982933
1/7/2014,983351
1/8/2014,984130
1/9/2014,983156
1/10/2014,980719
1/11/2014,978788
1/12/2014,978248
1/13/2014,978928
1/14/2014,980898
1/15/2014,982264
1/16/2014,982407
1/17/2014,983170
1/18/2014,981646
1/19/2014,981466
1/20/2014,981479
1/21/2014,982376
1/22/2014,985235
1/23/2014,985644
1/24/2014,985980
1/25/2014,983773
1/26/2014,982829
1/27/2014,982086
1/28/2014,982861
1/29/2014,983705
1/30/2014,983899
1/31/2014,984952
2/1/2014,984054
2/2/2014,985459
2/3/2014,985033
2/4/2014,983013
2/5/2014,981678
2/6/2014,979160
2/7/2014,980348
2/8/2014,982009
2/9/2014,983511
2/10/2014,985700
2/11/2014,984242
2/12/2014,984188
2/13/2014,982061
2/14/2014,978537
2/15/2014,978406
2/16/2014,978487
2/17/2014,979342
2/18/2014,980700
2/19/2014,981340
2/20/2014,979197
2/21/2014,977356
2/22/2014,979376
2/23/2014,979838
2/24/2014,982793
2/25/2014,985456
2/26/2014,985269
2/27/2014,984546
2/28/2014,982247
3/1/2014,980678
3/2/2014,979317
3/3/2014,980902
3/4/2014,982497
3/5/2014,984086
3/6/2014,986698
3/7/2014,984661
3/8/2014,983252
3/9/2014,982258
3/10/2014,981160
3/11/2014,982630
3/12/2014,983918
3/13/2014,984752
3/14/2014,984696
3/15/2014,984434
3/16/2014,984435
3/17/2014,983661
3/18/2014,981576
3/19/2014,980440
3/20/2014,980447
3/21/2014,981225
3/22/2014,982302
3/23/2014,980264
3/24/2014,978564
3/25/2014,979098
3/26/2014,980381
3/27/2014,982186
3/28/2014,982918
3/29/2014,983742
3/30/2014,983098
3/31/2014,983875
4/1/2014,982021
4/2/2014,980082
4/3/2014,979876
4/4/2014,979089
4/5/2014,980937
4/6/2014,982880
4/7/2014,983798
4/8/2014,983901
4/9/2014,983284
4/10/2014,980453
4/11/2014,978989
4/12/2014,980011
4/13/2014,981452
4/14/2014,982802
4/15/2014,984323
4/16/2014,984281
4/17/2014,980877
4/18/2014,981252
4/19/2014,979289
4/20/2014,978272
4/21/2014,981021
4/22/2014,980700
4/23/2014,984122
4/24/2014,985071
4/25/2014,985616
4/26/2014,985427
4/27/2014,984970
4/28/2014,984996
4/29/2014,984731
4/30/2014,985485
5/1/2014,984929
5/2/2014,984709
5/3/2014,984437
5/4/2014,983938
5/5/2014,983279
5/6/2014,982066
5/7/2014,982790
5/8/2014,982459
5/9/2014,983137
5/10/2014,985716
5/11/2014,984987
5/12/2014,986877
5/13/2014,987174
5/14/2014,987758
5/15/2014,987959
5/16/2014,988195
5/17/2014,986845
5/18/2014,980512
5/19/2014,969569
5/20/2014,970137
5/21/2014,969447
5/22/2014,973652
5/23/2014,985117
5/24/2014,982933
5/25/2014,985227
5/26/2014,982087
5/27/2014,982008
5/28/2014,978469
5/29/2014,978840
5/30/2014,978384
5/31/2014,977908
6/1/2014,980828
6/2/2014,978390
6/3/2014,981669
6/4/2014,980700
6/5/2014,979569
6/6/2014,978668
6/7/2014,978379
6/8/2014,980587
6/9/2014,982216
6/10/2014,984342
6/11/2014,984991
6/12/2014,978578
6/13/2014,972209
6/14/2014,969025
6/15/2014,966794
6/16/2014,970248
6/17/2014,973412
6/18/2014,973112
6/19/2014,972823
6/20/2014,972430
6/21/2014,973674
6/22/2014,975915
6/23/2014,975420
6/24/2014,975190
6/25/2014,974743
6/26/2014,974328
6/27/2014,972024
6/28/2014,971323
6/29/2014,969450
6/30/2014,969874
7/1/2014,975059
7/2/2014,973757
7/3/2014,966872
7/4/2014,951905
7/5/2014,945157
7/6/2014,944081
7/7/2014,953469
7/8/2014,964398
7/9/2014,958893
7/10/2014,957455
7/11/2014,955764
7/12/2014,958602
7/13/2014,966874
7/14/2014,975353
7/15/2014,962698
7/16/2014,964431
7/17/2014,959671
7/18/2014,952697
7/19/2014,966766
7/20/2014,964118
7/21/2014,970414
7/22/2014,972191
7/23/2014,974898
7/24/2014,973583
7/25/2014,974353
7/26/2014,976535
7/27/2014,975076
7/28/2014,978580
7/29/2014,975993
7/30/2014,972743
7/31/2014,966408
8/1/2014,967009
8/2/2014,970372
8/3/2014,975105
8/4/2014,979313
8/5/2014,969253
8/6/2014,969752
8/7/2014,963716
8/8/2014,966987
8/9/2014,975765
8/10/2014,974523
8/11/2014,976195
8/12/2014,974178
8/13/2014,969771
8/14/2014,963924
8/15/2014,966332
8/16/2014,964198
8/17/2014,967159
8/18/2014,974724
8/19/2014,973232
8/20/2014,970590
8/21/2014,961586
8/22/2014,960975
8/23/2014,960624
8/24/2014,962733
8/25/2014,969294
8/26/2014,969203
8/27/2014,962435
8/28/2014,960886
8/29/2014,961337
8/30/2014,956372
8/31/2014,954530
9/1/2014,949682
9/2/2014,952324
9/3/2014,953613
9/4/2014,959416
9/5/2014,965365
9/6/2014,961581
9/7/2014,965070
9/8/2014,967324
9/9/2014,0
9/10/2014,964567
9/11/2014,964275
9/12/2014,967231
9/13/2014,968417
9/14/2014,972986
9/15/2014,970676
9/16/2014,970546
9/17/2014,970822
9/18/2014,971599
9/19/2014,967244
9/20/2014,966186
9/21/2014,968555
9/22/2014,969225
9/23/2014,972399
9/24/2014,961984
9/25/2014,962149
9/26/2014,957006
9/27/2014,960439
9/28/2014,971813
9/29/2014,972438
9/30/2014,975480
10/1/2014,975424
10/2/2014,975806
10/3/2014,974166
10/4/2014,973718
10/5/2014,971502
10/6/2014,971595
10/7/2014,973914
10/8/2014,975303
10/9/2014,978188
10/10/2014,975571
10/11/2014,976726
10/12/2014,975943
10/13/2014,976455
10/14/2014,978945
10/15/2014,968329
10/16/2014,967523
10/17/2014,961882
10/18/2014,962027
10/19/2014,969865
10/20/2014,973337
10/21/2014,977822
10/22/2014,977525
10/23/2014,979026
10/24/2014,976813
10/25/2014,977594
10/26/2014,975784
10/27/2014,976440
10/28/2014,977858
10/29/2014,978409
10/30/2014,981155
10/31/2014,981340
11/1/2014,983265
11/2/2014,979371
11/3/2014,979611
11/4/2014,976809
11/5/2014,977845
11/6/2014,981529
11/7/2014,982115
11/8/2014,985064
11/9/2014,979715
11/10/2014,978488
11/11/2014,975076
11/12/2014,974298
11/13/2014,976695
11/14/2014,977556
11/15/2014,979883
11/16/2014,979669
11/17/2014,981387
11/18/2014,979414
11/19/2014,978068
11/20/2014,979097
11/21/2014,975714
11/22/2014,978403
11/23/2014,981478
11/24/2014,981993
11/25/2014,984890
11/26/2014,985327
11/27/2014,984485
11/28/2014,983684
11/29/2014,981919
11/30/2014,980937
12/1/2014,980561
12/2/2014,981723
12/3/2014,983458
12/4/2014,981791
12/5/2014,981643
12/6/2014,979218
12/7/2014,979459
12/8/2014,980820
12/9/2014,981977
12/10/2014,983379
12/11/2014,980471
12/12/2014,980359
12/13/2014,976824
12/14/2014,975450
12/15/2014,975878
12/16/2014,977116
12/17/2014,979527
12/18/2014,981188
12/19/2014,982759
12/20/2014,981328
12/21/2014,980801
12/22/2014,980014
12/23/2014,981910
12/24/2014,983448
12/25/2014,984485
12/26/2014,984033
12/27/2014,982782
12/28/2014,980169
12/29/2014,977403
12/30/2014,976984
12/31/2014,976775
1/1/2015,976411
1/2/2015,978569
1/3/2015,980939
1/4/2015,981405
1/5/2015,982138
1/6/2015,983616
1/7/2015,980926
1/8/2015,981233
1/9/2015,983879
1/10/2015,982611
1/11/2015,984301
1/12/2015,983202
1/13/2015,982016
1/14/2015,980101
1/15/2015,981147
1/16/2015,981943
1/17/2015,982764
1/18/2015,984988
1/19/2015,984232
1/20/2015,983822
1/21/2015,982417
1/22/2015,983247
1/23/2015,981757
1/24/2015,984713
1/25/2015,986341
1/26/2015,985263
1/27/2015,987850
1/28/2015,985000
1/29/2015,982937
1/30/2015,980936
1/31/2015,978550
2/1/2015,976369
2/2/2015,978095
2/3/2015,981225
2/4/2015,982642
2/5/2015,985061
2/6/2015,982578
2/7/2015,980504
2/8/2015,980786
2/9/2015,982098
2/10/2015,984491
2/11/2015,986545
2/12/2015,987065
2/13/2015,984579
2/14/2015,983796
2/15/2015,982218
2/16/2015,981406
2/17/2015,981240
2/18/2015,982798
2/19/2015,984138
2/20/2015,984147
2/21/2015,985601
2/22/2015,982524
2/23/2015,979989
2/24/2015,978508
2/25/2015,978065
2/26/2015,979000
2/27/2015,980262
2/28/2015,981384
3/1/2015,979405
3/2/2015,978439
3/3/2015,978526
3/4/2015,978419
3/5/2015,977782
3/6/2015,979276
3/7/2015,979500
3/8/2015,978760
3/9/2015,981481
3/10/2015,980911
3/11/2015,980078
3/12/2015,981281
3/13/2015,980945
3/14/2015,982119
3/15/2015,983909
3/16/2015,985118
3/17/2015,985198
3/18/2015,984917
3/19/2015,984744
3/20/2015,983624
3/21/2015,983392
3/22/2015,984736
3/23/2015,985247
3/24/2015,985939
3/25/2015,987051
3/26/2015,986535
3/27/2015,985599
3/28/2015,982965
3/29/2015,982248
3/30/2015,981619
3/31/2015,981595
4/6/2015,975395
4/7/2015,984448
4/8/2015,983933
4/9/2015,984026
4/10/2015,985402
4/11/2015,982258
4/12/2015,980797
4/13/2015,980189
4/14/2015,981778
4/15/2015,984027
4/16/2015,987437
4/17/2015,988484
4/18/2015,987176
4/19/2015,984287
4/20/2015,981428
4/21/2015,980714
4/22/2015,981187
4/23/2015,981327
4/24/2015,982561
4/25/2015,984160
4/26/2015,984703
4/27/2015,985502
4/28/2015,985660
4/29/2015,984529
4/30/2015,983826
5/1/2015,984432
5/2/2015,985006
5/3/2015,983679
5/4/2015,983057
5/5/2015,984302
5/6/2015,983668
5/7/2015,985243
5/8/2015,985199
5/9/2015,982630
5/10/2015,982114
5/11/2015,981749
5/12/2015,984188
5/13/2015,985563
5/14/2015,985519
5/15/2015,984430
5/16/2015,981152
5/17/2015,980156
5/18/2015,981491
5/19/2015,981629
5/20/2015,983317
5/21/2015,984051
5/22/2015,982145
5/23/2015,980113
5/24/2015,976361
5/25/2015,976888
5/26/2015,978071
5/27/2015,979230
5/28/2015,981832
5/29/2015,981704
5/30/2015,982005
5/31/2015,981675
6/1/2015,981690
6/2/2015,979932
6/3/2015,979724
6/4/2015,980244
6/5/2015,980975
6/6/2015,982440
6/7/2015,981301
6/8/2015,982298
6/9/2015,979971
6/10/2015,978592
6/11/2015,978342
6/12/2015,978666
6/13/2015,980286
6/14/2015,979695
6/15/2015,980552
6/16/2015,972916
6/17/2015,974135
6/18/2015,976448
6/19/2015,977399
6/20/2015,984403
6/21/2015,970432
6/22/2015,969044
6/23/2015,963094
6/24/2015,961089
6/25/2015,971077
6/26/2015,969082
6/27/2015,971167
6/28/2015,971503
6/29/2015,971568
6/30/2015,971240
7/1/2015,969005
7/2/2015,966126
7/3/2015,968823
7/4/2015,969410
7/5/2015,973419
7/6/2015,974152
7/7/2015,972061
7/8/2015,971524
7/9/2015,954668
7/10/2015,952194
7/11/2015,956709
7/12/2015,950510
7/13/2015,963978
7/14/2015,968315
7/15/2015,965020
7/16/2015,973439
7/17/2015,976355
7/18/2015,976632
7/19/2015,972067
7/20/2015,965856
7/21/2015,966411
7/22/2015,965930
7/23/2015,968050
7/24/2015,974749
7/25/2015,972614
7/26/2015,965969
7/27/2015,960401
7/28/2015,960544
7/29/2015,962205
7/30/2015,972481
7/31/2015,981867
8/1/2015,977902
8/2/2015,979718
8/3/2015,977722
8/4/2015,980706
8/5/2015,981919
8/6/2015,981563
8/7/2015,981291
8/8/2015,965681
8/9/2015,963497
8/10/2015,956119
8/11/2015,957201
8/12/2015,967978
8/13/2015,967249
8/14/2015,971082
8/15/2015,968681
8/16/2015,966617
8/17/2015,958993
8/18/2015,962571
8/19/2015,964092
8/20/2015,963842
8/21/2015,964405
8/22/2015,953356
8/23/2015,951153
8/24/2015,951401
8/25/2015,956741
8/26/2015,959723
8/27/2015,958944
8/28/2015,963975
8/29/2015,968113
8/30/2015,973356
8/31/2015,972780
9/1/2015,965773
9/2/2015,962858
9/3/2015,963297
9/4/2015,962241
9/5/2015,962125
9/6/2015,962159
9/7/2015,962721
9/8/2015,965049
9/9/2015,966082
9/10/2015,970657
9/11/2015,968460
9/12/2015,966854
9/13/2015,967851
9/14/2015,966565
9/15/2015,967204
9/16/2015,970443
9/17/2015,971283
9/18/2015,969617
9/19/2015,971666
9/20/2015,972559
9/21/2015,942890
9/22/2015,943720
9/23/2015,943093
9/24/2015,936795
9/25/2015,966829
9/26/2015,969246
9/27/2015,959689
9/28/2015,965453
9/29/2015,961174
9/30/2015,963464
10/1/2015,972457
10/2/2015,971663
10/3/2015,977440
10/4/2015,975747
10/5/2015,976519
10/6/2015,976494
10/7/2015,974690
10/8/2015,970690
10/9/2015,970210
10/10/2015,969461
10/11/2015,970691
10/12/2015,968912
10/13/2015,968025
10/14/2015,968316
10/15/2015,966230
10/16/2015,973694
10/17/2015,974411
10/18/2015,976352
10/19/2015,980467
10/20/2015,978487
10/21/2015,977742
10/22/2015,975905
10/23/2015,974397
10/24/2015,973453
10/25/2015,976758
10/26/2015,978148
10/27/2015,977540
10/28/2015,976851
10/29/2015,974156
10/30/2015,975558
10/31/2015,976974
11/1/2015,981201
11/2/2015,983964
11/3/2015,982727
11/4/2015,982164
11/5/2015,977815
11/6/2015,976342
11/7/2015,973461
11/8/2015,975232
11/9/2015,977858
11/10/2015,977729
11/11/2015,979626
11/12/2015,977192
11/13/2015,977649
11/14/2015,975715
11/15/2015,977494
11/16/2015,976064
11/17/2015,974723
11/18/2015,977034
11/19/2015,977331
11/20/2015,978491
11/21/2015,976241
11/22/2015,973508
11/23/2015,970385
11/24/2015,971222
11/25/2015,974119
11/26/2015,977048
11/27/2015,979106
11/28/2015,978243
11/29/2015,976701
11/30/2015,976107
12/1/2015,976821
12/2/2015,975554
12/3/2015,975805
12/4/2015,977724
12/5/2015,976968
12/6/2015,979649
12/7/2015,978511
12/8/2015,978040
12/9/2015,977815
12/10/2015,980203
12/11/2015,980941
12/12/2015,980780
12/13/2015,981658
12/14/2015,979957
12/15/2015,981090
12/16/2015,978496
12/17/2015,978973
12/18/2015,979040
12/19/2015,979009
12/20/2015,981656
12/21/2015,980449
12/22/2015,980201
12/23/2015,978929
12/24/2015,980486
12/25/2015,979850
12/26/2015,982570
12/27/2015,984303
12/28/2015,981968
12/29/2015,982393
12/30/2015,980397
12/31/2015,980119
1/1/2016,978931
1/2/2016,979109
1/3/2016,979489
1/4/2016,979388
1/5/2016,981838
1/6/2016,982966
1/7/2016,983963
1/8/2016,982770
1/9/2016,982398
1/10/2016,981216
1/11/2016,982127
1/12/2016,984167
1/13/2016,984026
1/14/2016,985439
1/15/2016,982466
1/16/2016,981861
1/17/2016,980375
1/18/2016,981400
1/19/2016,982731
1/20/2016,982842
1/21/2016,985374
1/22/2016,983405
1/23/2016,982548
1/24/2016,983243
1/25/2016,982028
1/26/2016,982737
1/27/2016,983605
1/28/2016,983093
1/29/2016,984176
1/30/2016,985066
1/31/2016,985045
2/1/2016,984188
2/2/2016,984437
2/3/2016,983319
2/4/2016,980967
2/5/2016,981700
2/6/2016,981928
2/7/2016,982849
2/8/2016,983588
2/9/2016,984194
2/10/2016,981639
2/11/2016,978732
2/12/2016,980062
2/13/2016,980309
2/14/2016,982819
2/15/2016,984586
2/16/2016,984807
2/17/2016,983354
2/18/2016,981414
2/19/2016,982899
2/20/2016,982725
2/21/2016,984616
2/22/2016,986806
2/23/2016,985935
2/24/2016,986268
2/25/2016,983791
2/26/2016,983320
2/27/2016,980814
2/28/2016,978804
2/29/2016,980882
3/1/2016,980960
3/2/2016,984477
3/3/2016,986590
3/4/2016,986818
3/5/2016,987338
3/6/2016,987774
3/7/2016,986946
3/8/2016,985090
3/9/2016,984477
3/10/2016,982549
3/11/2016,983654
3/12/2016,982962
3/13/2016,981841
3/14/2016,980177
3/15/2016,980151
3/16/2016,982509
3/17/2016,983942
3/18/2016,986053
3/19/2016,983934
3/20/2016,983114
3/21/2016,983554
3/22/2016,983209
3/23/2016,982452
3/24/2016,983439
3/25/2016,981564
3/26/2016,981494
3/27/2016,983035
3/28/2016,981402
3/29/2016,981553
3/30/2016,981980
3/31/2016,982773
4/1/2016,983965
4/2/2016,985944
4/3/2016,986851
4/4/2016,987576
4/5/2016,987070
4/6/2016,986296
4/7/2016,986140
4/8/2016,984161
4/9/2016,984338
4/10/2016,984311
4/11/2016,983628
4/12/2016,985766
4/13/2016,983547
4/14/2016,981126
4/15/2016,979903
4/16/2016,978828
4/17/2016,981546
4/18/2016,983562
4/19/2016,984734
4/20/2016,984708
4/21/2016,983891
4/22/2016,984539
4/23/2016,983968
4/24/2016,983400
4/25/2016,984193
4/26/2016,982919
4/27/2016,982399
4/28/2016,984023
4/29/2016,983487
4/30/2016,984021
5/1/2016,982824
5/2/2016,982307
5/3/2016,982037
5/4/2016,982773
5/5/2016,985547
5/6/2016,983927
5/7/2016,984473
5/8/2016,982064
5/9/2016,981479
5/10/2016,982421
5/11/2016,981791
5/12/2016,982506
5/13/2016,982597
5/14/2016,984742
5/15/2016,984200
5/16/2016,985090
5/17/2016,984829
5/18/2016,984145
5/19/2016,985386
5/20/2016,985876
5/21/2016,986583
5/22/2016,983461
5/23/2016,983380
5/24/2016,981760
5/25/2016,980229
5/26/2016,982426
5/27/2016,983419
5/28/2016,985275
5/29/2016,987045
5/30/2016,989496
5/31/2016,988442
6/1/2016,988601
6/2/2016,986690
6/3/2016,985295
6/4/2016,985170
6/5/2016,985076
6/6/2016,985677
6/7/2016,984851
6/8/2016,984765
6/9/2016,982489
6/10/2016,983786
6/11/2016,981330
6/12/2016,981031
6/13/2016,982098
6/14/2016,980846
6/15/2016,983903
6/16/2016,982032
6/17/2016,981719
6/18/2016,982595
6/19/2016,983643
6/20/2016,984735
6/21/2016,984710
6/22/2016,984597
6/23/2016,980846
6/24/2016,977552
6/25/2016,966992
6/26/2016,963482
6/27/2016,962799
6/28/2016,968327
6/29/2016,978236
6/30/2016,972083
7/1/2016,973075
7/2/2016,968542
7/3/2016,965137
7/4/2016,970156
7/5/2016,972746
7/6/2016,972788
7/7/2016,976041
7/8/2016,979770
7/9/2016,975219
7/10/2016,976853
7/11/2016,975723
7/12/2016,975873
7/13/2016,974987
7/14/2016,977114
7/15/2016,975553
7/16/2016,974699
7/17/2016,978417
7/18/2016,974726
7/19/2016,974625
7/20/2016,967267
7/21/2016,960240
7/22/2016,958192
7/23/2016,954514
7/24/2016,953719
7/25/2016,951476
7/26/2016,953217
7/27/2016,947338
7/28/2016,954635
7/29/2016,963324
7/30/2016,959573
7/31/2016,960131
8/1/2016,955323
8/2/2016,954744
8/3/2016,958806
8/4/2016,972328
8/5/2016,973513
8/6/2016,974440
8/7/2016,975334
8/8/2016,975888
8/9/2016,982023
8/10/2016,970872
8/11/2016,967698
8/12/2016,955150
8/13/2016,945976
8/14/2016,951116
8/15/2016,955829
8/16/2016,967244
8/17/2016,971452
8/18/2016,976404
8/19/2016,974263
8/20/2016,969753
8/21/2016,969619
8/22/2016,966538
8/23/2016,966898
8/24/2016,971366
8/25/2016,974816
8/26/2016,943418
8/27/2016,925363
8/28/2016,917828
8/29/2016,915495
8/30/2016,942739
8/31/2016,960916
9/1/2016,960365
9/2/2016,956427
9/3/2016,960560
9/4/2016,958667
9/5/2016,966150
9/6/2016,966283
9/7/2016,960485
9/8/2016,960096
9/9/2016,958544
9/10/2016,959151
9/11/2016,964941
9/12/2016,965992
9/13/2016,949878
9/14/2016,952068
9/15/2016,952795
9/16/2016,954229
9/17/2016,969484
9/18/2016,971551
9/19/2016,974228
9/20/2016,971773
9/21/2016,974280
9/22/2016,975435
9/23/2016,975077
9/24/2016,977357
9/25/2016,977747
9/26/2016,977985
9/27/2016,976543
9/28/2016,978059
9/29/2016,974686
9/30/2016,975466
10/1/2016,977380
10/2/2016,977011
10/3/2016,978814
10/4/2016,977078
10/5/2016,978219
10/6/2016,977993
10/7/2016,978772
10/8/2016,980146
10/9/2016,980081
10/10/2016,980326
10/11/2016,982364
10/12/2016,982355
10/13/2016,980756
10/14/2016,981046
10/15/2016,973545
10/16/2016,974574
10/17/2016,973534
10/18/2016,972226
10/19/2016,977441
10/20/2016,975723
10/21/2016,978389
10/22/2016,978274
10/23/2016,979554
10/24/2016,978371
10/25/2016,975131
10/26/2016,975655
10/27/2016,975922
10/28/2016,976957
10/29/2016,978281
10/30/2016,977232
10/31/2016,974898
11/1/2016,974761
11/2/2016,974229
11/3/2016,975470
11/4/2016,976565
11/5/2016,977713
11/6/2016,978955
11/7/2016,978370
11/8/2016,977606
11/9/2016,977303
11/10/2016,979074
11/11/2016,979849
11/12/2016,982275
11/13/2016,981378
11/14/2016,978946
11/15/2016,979729
11/16/2016,979223
11/17/2016,981226
11/18/2016,980028
11/19/2016,982474
11/20/2016,980928
11/21/2016,980218
11/22/2016,982156
11/23/2016,977487
11/24/2016,977354
11/25/2016,975080
11/26/2016,976613
11/27/2016,978691
11/28/2016,980169
11/29/2016,983360
11/30/2016,982353
12/1/2016,982148
12/2/2016,980588
12/3/2016,979057
12/4/2016,976889
12/5/2016,978288
12/6/2016,978558
12/7/2016,978842
12/8/2016,980486
12/9/2016,977984
12/10/2016,978138
12/11/2016,976612
12/12/2016,977380
12/13/2016,979101
12/14/2016,980189
12/15/2016,981672
12/16/2016,980935
12/17/2016,978696
12/18/2016,977176
12/19/2016,977450
12/20/2016,976574
12/21/2016,978593
12/22/2016,979953
12/23/2016,979300
12/24/2016,981273
12/25/2016,979853
12/26/2016,981449
12/27/2016,980646
12/28/2016,982680
12/29/2016,984263
12/30/2016,982896
12/31/2016,984271
1/1/2017,989508
1/2/2017,988041
1/3/2017,987552
1/4/2017,985902
1/5/2017,985862
1/6/2017,986608
1/7/2017,986424
1/8/2017,988308
1/9/2017,990354
1/10/2017,991179
1/11/2017,992110
1/12/2017,989150
1/13/2017,985269
1/14/2017,985482
1/15/2017,985245
1/16/2017,986785
1/17/2017,0
1/18/2017,987570
1/19/2017,986300
1/20/2017,985511
1/21/2017,984504
1/22/2017,984803
1/23/2017,986392
1/24/2017,989402
1/25/2017,990117
1/26/2017,992373
1/27/2017,992876
1/28/2017,992342
1/29/2017,992488
1/30/2017,991398
1/31/2017,991538
2/1/2017,990757
2/2/2017,993057
2/3/2017,991581
2/4/2017,988157
2/5/2017,986662
2/6/2017,984872
2/7/2017,984273
2/8/2017,985533
2/9/2017,987883
2/10/2017,987944
2/11/2017,990402
2/12/2017,989460
2/13/2017,988937
2/14/2017,988049
2/15/2017,987788
2/16/2017,990132
2/17/2017,990126
2/18/2017,991959
2/19/2017,991397
2/20/2017,990360
2/21/2017,989861
2/22/2017,989301
2/23/2017,987790
2/24/2017,987684
2/25/2017,991223
2/26/2017,991041
2/27/2017,990955
2/28/2017,992127
3/1/2017,991591
3/2/2017,991192
3/3/2017,992417
3/4/2017,991170
3/5/2017,988048
3/6/2017,989078
3/7/2017,987446
3/8/2017,986726
3/9/2017,986464
3/10/2017,984129
3/11/2017,984697
3/12/2017,985638
3/13/2017,988160
3/14/2017,989622
3/15/2017,989993
3/16/2017,990715
3/17/2017,988898
3/18/2017,987537
3/19/2017,988233
3/20/2017,987777
3/21/2017,988131
3/22/2017,990977
3/23/2017,990542
3/24/2017,989991
3/25/2017,989542
3/26/2017,987082
3/27/2017,985877
3/28/2017,985886
3/29/2017,987632
3/30/2017,987924
3/31/2017,990183
4/1/2017,988424
4/2/2017,986655
4/3/2017,985705
4/4/2017,985257
4/5/2017,987278
4/6/2017,987586
4/7/2017,990327
4/8/2017,989471
4/9/2017,990302
4/10/2017,991301
4/11/2017,990234
4/12/2017,987178
4/13/2017,985438
4/14/2017,986729
4/15/2017,986658
4/16/2017,989076
4/17/2017,990672
4/18/2017,988493
4/19/2017,988200
4/20/2017,988864
4/21/2017,988061
4/22/2017,987130
4/23/2017,987407
4/24/2017,987444
4/25/2017,986489
4/26/2017,987950
4/27/2017,987054
4/28/2017,985840
4/29/2017,986458
4/30/2017,987699
5/1/2017,989965
5/2/2017,993407
5/3/2017,994736
5/4/2017,992445
5/5/2017,991993
5/6/2017,990395
5/7/2017,989885
5/8/2017,991479
5/9/2017,991747
5/10/2017,992281
5/11/2017,991827
5/12/2017,992470
5/13/2017,991278
5/14/2017,988158
5/15/2017,988639
5/16/2017,988808
5/17/2017,989272
5/18/2017,991996
5/19/2017,991488
5/20/2017,991303
5/21/2017,991395
5/22/2017,991611
5/23/2017,992629
5/24/2017,990543
5/25/2017,990887
5/26/2017,989109
5/27/2017,989443
5/28/2017,988939
5/29/2017,987568
5/30/2017,980223
5/31/2017,974922
6/1/2017,975058
6/2/2017,972847
6/3/2017,977502
6/4/2017,977520
6/5/2017,976248
6/6/2017,978284
6/7/2017,980367
6/8/2017,983295
6/9/2017,965705
6/10/2017,963189
6/11/2017,961072
6/12/2017,958008
6/13/2017,974434
6/14/2017,973570
6/15/2017,973032
6/16/2017,973724
6/17/2017,976214
6/18/2017,970273
6/19/2017,969370
6/20/2017,968557
6/21/2017,965568
6/22/2017,944876
6/23/2017,935674
6/24/2017,928928
6/25/2017,926017
6/26/2017,954108
6/27/2017,958021
6/28/2017,962666
6/29/2017,964834
6/30/2017,942507
7/1/2017,946461
7/2/2017,940353
7/3/2017,940232
7/4/2017,961390
7/5/2017,963169
7/6/2017,970012
7/7/2017,969110
7/8/2017,968197
7/9/2017,970103
7/10/2017,974514
7/11/2017,977425
7/12/2017,979656
7/13/2017,974649
7/14/2017,966550
7/15/2017,962388
7/16/2017,965039
7/17/2017,967577
7/18/2017,973321
7/19/2017,980219
7/20/2017,983200
7/21/2017,988219
7/22/2017,988228
7/23/2017,986376
7/24/2017,981099
7/25/2017,977509
7/26/2017,978172
7/27/2017,976776
7/28/2017,978829
7/29/2017,970858
7/30/2017,962583
7/31/2017,960301
8/1/2017,961702
8/2/2017,967729
8/3/2017,973761
8/4/2017,978317
8/5/2017,979562
8/6/2017,982018
8/7/2017,982927
8/8/2017,982061
8/9/2017,982183
8/10/2017,973378
8/11/2017,970412
8/12/2017,958520
8/13/2017,957900
8/14/2017,964616
8/15/2017,966471
8/16/2017,976228
8/17/2017,976403
8/18/2017,972933
8/19/2017,970677
8/20/2017,964326
8/21/2017,961528
8/22/2017,965568
8/23/2017,965696
8/24/2017,973733
8/25/2017,970187
8/26/2017,967916
8/27/2017,967087
8/28/2017,964176
8/29/2017,973097
8/30/2017,976534
8/31/2017,979939
9/1/2017,980227
9/2/2017,976115
9/3/2017,975795
9/4/2017,976577
9/5/2017,976515
9/6/2017,978237
9/7/2017,980079
9/8/2017,979090
9/9/2017,974620
9/10/2017,973307
9/11/2017,970069
9/12/2017,970958
9/13/2017,976806
9/14/2017,979852
9/15/2017,981513
9/16/2017,982564
9/17/2017,980561
9/18/2017,973505
9/19/2017,972004
9/20/2017,968713
9/21/2017,972508
9/22/2017,975495
9/23/2017,974351
9/24/2017,966563
9/25/2017,963216
9/26/2017,960584
9/27/2017,963011
9/28/2017,970736
9/29/2017,972356
9/30/2017,979171
10/1/2017,-32000
10/2/2017,987379
10/3/2017,975551
10/4/2017,971479
10/5/2017,972118
10/6/2017,968633
10/7/2017,974974
10/8/2017,978296
10/9/2017,977895
10/10/2017,978669
10/11/2017,977501
10/12/2017,969226
10/13/2017,967771
10/14/2017,966979
10/15/2017,965924
10/16/2017,974769
10/17/2017,977257
10/18/2017,980570
10/19/2017,980865
10/20/2017,980045
10/21/2017,979784
10/22/2017,977506
10/23/2017,980840
10/24/2017,981888
10/25/2017,983538
10/26/2017,984104
10/27/2017,982953
10/28/2017,983864
10/29/2017,983412
10/30/2017,983462
10/31/2017,982119
11/1/2017,982631
11/2/2017,982133
11/3/2017,982466
11/4/2017,982920
11/5/2017,979600
11/6/2017,979047
11/7/2017,978427
11/8/2017,981964
11/9/2017,985162
11/10/2017,985236
11/11/2017,985022
11/12/2017,981075
11/13/2017,977537
11/14/2017,977798
11/15/2017,979620
11/16/2017,980319
11/17/2017,984000
11/18/2017,983765
11/19/2017,982896
11/20/2017,984195
11/21/2017,982377
11/22/2017,981658
11/23/2017,982225
11/24/2017,984180
11/25/2017,985130
11/26/2017,989208
11/27/2017,989471
11/28/2017,987440
11/29/2017,986391
11/30/2017,985819
12/1/2017,987357
12/2/2017,985431
12/3/2017,987140
12/4/2017,985569
12/5/2017,983815
12/6/2017,985269
12/7/2017,985708
12/8/2017,986432
12/9/2017,986500
12/10/2017,989522
12/11/2017,987568
12/12/2017,986519
12/13/2017,987795
12/14/2017,985185
12/15/2017,984539
12/16/2017,986057
12/17/2017,986055
12/18/2017,985848
12/19/2017,988183
12/20/2017,989120
12/21/2017,990049
12/22/2017,990132
12/23/2017,989121
12/24/2017,988346
12/25/2017,986369
12/26/2017,988254
12/27/2017,989130
12/28/2017,989601
12/29/2017,989293
12/30/2017,987806
12/31/2017,986740
1/1/2018,986211
1/2/2018,986763
1/3/2018,986485
1/4/2018,987129
1/5/2018,986545
1/6/2018,986065
1/7/2018,986586
1/8/2018,986136
1/9/2018,986414
1/10/2018,986571
1/11/2018,986986
1/12/2018,988487
1/13/2018,988707
1/14/2018,990221
1/15/2018,991701
1/16/2018,989960
1/17/2018,990036
1/18/2018,989338
1/19/2018,987110
1/20/2018,989322
1/21/2018,989983
1/22/2018,991314
1/23/2018,990882
1/24/2018,988258
1/25/2018,984708
1/26/2018,982419
1/27/2018,983859
1/28/2018,984226
1/29/2018,987093
1/30/2018,988645
1/31/2018,988081
2/1/2018,988078
2/2/2018,988131
2/3/2018,988246
2/4/2018,987573
2/5/2018,989252
2/6/2018,988911
2/7/2018,989550
2/8/2018,989944
2/9/2018,989481
2/10/2018,990988
2/11/2018,990391
2/12/2018,992444
2/13/2018,992159
2/14/2018,992070
2/15/2018,991075
2/16/2018,990262
2/17/2018,989426
2/18/2018,988771
2/19/2018,990156
2/20/2018,989229
2/21/2018,990311
2/22/2018,989776
2/23/2018,990163
2/24/2018,990179
2/25/2018,989360
2/26/2018,989775
2/27/2018,989009
2/28/2018,990277
3/1/2018,990512
3/2/2018,991976
3/3/2018,991563
3/4/2018,991347
3/5/2018,991552
3/6/2018,990186
3/7/2018,989972
3/8/2018,988254
3/9/2018,989306
3/10/2018,988671
3/11/2018,987582
3/12/2018,988132
3/13/2018,987346
3/14/2018,985196
3/15/2018,986056
3/16/2018,988344
3/17/2018,989026
3/18/2018,992783
3/19/2018,991169
3/20/2018,989765
3/21/2018,988440
3/22/2018,987712
3/23/2018,989928
3/24/2018,989272
3/25/2018,990096
3/26/2018,988266
3/27/2018,986948
3/28/2018,985759
3/29/2018,984984
3/30/2018,984086
3/31/2018,984458
4/1/2018,987534
4/2/2018,987380
4/3/2018,989932
4/4/2018,990534
4/5/2018,986258
4/6/2018,984678
4/7/2018,984024
4/8/2018,984246
4/9/2018,985646
4/10/2018,988086
4/11/2018,987614
4/12/2018,987319
4/13/2018,987319
4/14/2018,986112
4/15/2018,985852
4/16/2018,985143
4/17/2018,986938
4/18/2018,986740
4/19/2018,989383
4/20/2018,990823
4/21/2018,989804
4/22/2018,988440
4/23/2018,986918
4/24/2018,986700
4/25/2018,986880
4/26/2018,990208
4/27/2018,989689
4/28/2018,987205
4/29/2018,985218
4/30/2018,983048
5/1/2018,983407
5/2/2018,984777
5/3/2018,987818
5/4/2018,990157
5/5/2018,989043
5/6/2018,989687
5/7/2018,988824
5/8/2018,986687
5/9/2018,988106
5/10/2018,988774
5/11/2018,987802
5/12/2018,988685
5/13/2018,987099
5/14/2018,988030
5/15/2018,989137
5/16/2018,988202
5/17/2018,987403
5/18/2018,985294
5/19/2018,985601
5/20/2018,986016
5/21/2018,989540
5/22/2018,988514
5/23/2018,985960
5/24/2018,985627
5/25/2018,983304
5/26/2018,984534
5/27/2018,985759
5/28/2018,987294
5/29/2018,987121
5/30/2018,987525
5/31/2018,985631
6/1/2018,984006
6/2/2018,985434
6/3/2018,984870
6/4/2018,977825
6/5/2018,977924
6/6/2018,975416
6/7/2018,967706
6/8/2018,972119
6/9/2018,968588
6/10/2018,966791
6/11/2018,971425
6/12/2018,971510
6/13/2018,956128
6/14/2018,955777
6/15/2018,957481
6/16/2018,961491
6/17/2018,977197
6/18/2018,979203
6/19/2018,978071
6/20/2018,976430
6/21/2018,979664
6/22/2018,977704
6/23/2018,976728
6/24/2018,976311
6/25/2018,972361
6/26/2018,974524
6/27/2018,968405
6/28/2018,954317
6/29/2018,969659
6/30/2018,964106
7/1/2018,975622
7/2/2018,982448
7/3/2018,982234
7/4/2018,977332
7/5/2018,981217
7/6/2018,979591
7/7/2018,971605
7/8/2018,973374
7/9/2018,968249
7/10/2018,950786
7/11/2018,949215
7/12/2018,951712
7/13/2018,954614
7/14/2018,970353
7/15/2018,982658
7/16/2018,979217
7/17/2018,978729
7/18/2018,978863
7/19/2018,968299
7/20/2018,974737
7/21/2018,968657
7/22/2018,965799
7/23/2018,974336
7/24/2018,972093
7/25/2018,979222
7/26/2018,984048
7/27/2018,979690
7/28/2018,989746
7/29/2018,988678
7/30/2018,989947
7/31/2018,987963
8/1/2018,979173
8/2/2018,977649
8/3/2018,979294
8/4/2018,979129
8/5/2018,977480
8/6/2018,979514
8/7/2018,980689
8/8/2018,977552
8/9/2018,972292
8/10/2018,974024
8/11/2018,955411
8/12/2018,957874
8/13/2018,966798
8/14/2018,963425
8/15/2018,973786
8/16/2018,977734
8/17/2018,976173
8/18/2018,979844
8/19/2018,986377
8/20/2018,986453
8/21/2018,990789
8/22/2018,991226
8/23/2018,993870
8/24/2018,994133
8/25/2018,990761
8/26/2018,988851
8/27/2018,985416
8/28/2018,990238
8/29/2018,986393
8/30/2018,989386
8/31/2018,989990
9/1/2018,987149
9/2/2018,989877
9/3/2018,980200
9/4/2018,984873
9/5/2018,977129
9/6/2018,977675
9/7/2018,982658
9/8/2018,979269
9/9/2018,987993
9/10/2018,989540
9/11/2018,984789
9/12/2018,975340
9/13/2018,976826
9/14/2018,975942
9/15/2018,986827
9/16/2018,990449
9/17/2018,986203
9/18/2018,979002
9/19/2018,973592
9/20/2018,974233
9/21/2018,975740
9/22/2018,982118
9/23/2018,986201
9/24/2018,989420
9/25/2018,990288
9/26/2018,990224
9/27/2018,986107
9/28/2018,983463
9/29/2018,986088
9/30/2018,988314
10/1/2018,989388
10/2/2018,991155
10/3/2018,989870
10/4/2018,984259
10/5/2018,985907
10/6/2018,983307
10/7/2018,979593
10/8/2018,979847
10/9/2018,982299
10/10/2018,979253
10/11/2018,985298
10/12/2018,989406
10/13/2018,986325
10/14/2018,987439
10/15/2018,980895
10/16/2018,976616
10/17/2018,977658
10/18/2018,977168
10/19/2018,981864
10/20/2018,973809
10/21/2018,966152
10/22/2018,960573
10/23/2018,953213
10/24/2018,958475
10/25/2018,963397
10/26/2018,970632
10/27/2018,975182
10/28/2018,981572
10/29/2018,981720
10/30/2018,980257
10/31/2018,979147
11/1/2018,979691
11/2/2018,983646
11/3/2018,983740
11/4/2018,987409
11/5/2018,984586
11/6/2018,981994
11/7/2018,981227
11/8/2018,977769
11/9/2018,974702
11/10/2018,976817
11/11/2018,978864
11/12/2018,979846
11/13/2018,984641
11/14/2018,982960
11/15/2018,-1362065
11/16/2018,-1360906
11/17/2018,-1387494
11/18/2018,-1381593
11/19/2018,991587
11/20/2018,992062
11/21/2018,986789
11/22/2018,985927
11/23/2018,986641
11/24/2018,982285
11/25/2018,987389
11/26/2018,987630
11/27/2018,984200
11/28/2018,986324
11/29/2018,985228
11/30/2018,981524
12/1/2018,982879
12/2/2018,986644
12/3/2018,987258
12/4/2018,989620
12/5/2018,990441
12/6/2018,988930
12/7/2018,985818
12/8/2018,982363
12/9/2018,981106
12/10/2018,977225
12/11/2018,977456
12/12/2018,980058
12/13/2018,982479
12/14/2018,983410
12/15/2018,987054
12/16/2018,983184
12/17/2018,986009
12/18/2018,986519
12/19/2018,986483
12/20/2018,988052
12/21/2018,990270
12/22/2018,993785
12/23/2018,989561
12/24/2018,989066
12/25/2018,984912
12/26/2018,980692
12/27/2018,984705
12/28/2018,985173
12/29/2018,983407
12/30/2018,983944
12/31/2018,984052
1/1/2019,983093
1/2/2019,985257
1/3/2019,987492
1/4/2019,987930
1/5/2019,991727
1/6/2019,990835
1/7/2019,990263
1/8/2019,988510
1/9/2019,985240
1/10/2019,983205
1/11/2019,982251
1/12/2019,984610
1/13/2019,985054
1/14/2019,984559
1/15/2019,983335
1/16/2019,981569
1/17/2019,983330
1/18/2019,988754
1/19/2019,990750
1/20/2019,992578
1/21/2019,994185
1/22/2019,995154
1/23/2019,995973
1/24/2019,990952
1/25/2019,988755
1/26/2019,986892
1/27/2019,984535
1/28/2019,984208
1/29/2019,985087
1/30/2019,976749
1/31/2019,975700
2/1/2019,978490
2/2/2019,979280
2/3/2019,987671
2/4/2019,992284
2/5/2019,992498
2/6/2019,990730
2/7/2019,989184
2/8/2019,988941
2/9/2019,984382
2/10/2019,0
2/11/2019,991348
2/12/2019,989077
2/13/2019,992920
2/14/2019,993611
2/15/2019,989017
2/16/2019,990621
2/17/2019,989208
2/18/2019,986240
2/19/2019,990155
2/20/2019,986396
2/21/2019,987321
2/22/2019,990699
2/23/2019,990617
2/24/2019,994429
2/25/2019,991340
2/26/2019,991061
2/27/2019,990853
2/28/2019,988228
3/1/2019,985541
3/2/2019,985625
3/3/2019,980114
3/4/2019,979879
3/5/2019,982517
3/6/2019,979387
3/7/2019,0
3/8/2019,990378
3/9/2019,992208
3/10/2019,990797
3/11/2019,988403
3/12/2019,990306
3/13/2019,985833
3/14/2019,988016
3/15/2019,986783
3/16/2019,982480
3/17/2019,986206
3/18/2019,986732
3/19/2019,982292
3/20/2019,981143
3/21/2019,978725
3/22/2019,981534
3/23/2019,987474
3/24/2019,988810
3/25/2019,991816
3/26/2019,995502
3/27/2019,993741
3/28/2019,997635
3/29/2019,993155
3/30/2019,991330
3/31/2019,991354
4/1/2019,988777
4/2/2019,990919
4/3/2019,991249
4/5/2019,989499
4/6/2019,990290
4/7/2019,990535
4/8/2019,994381
4/9/2019,991015
4/10/2019,991566
4/11/2019,991152
4/12/2019,992069
4/13/2019,994795
4/14/2019,990486
4/15/2019,990082
4/16/2019,988946
4/17/2019,986536
4/18/2019,989395
4/19/2019,991525
4/20/2019,985836
4/21/2019,989146
4/22/2019,986094
4/23/2019,0
4/24/2019,988540
4/25/2019,987427
4/26/2019,987729
4/27/2019,990269
4/28/2019,990812
4/29/2019,993687
4/30/2019,992298
5/1/2019,992573
5/2/2019,992901
5/3/2019,988806
5/4/2019,991518
5/5/2019,992550
5/6/2019,990963
5/7/2019,992209
5/8/2019,992601
5/9/2019,990825
5/10/2019,990188
5/11/2019,992719
5/12/2019,990325
5/13/2019,991745
5/14/2019,991092
5/15/2019,990954
5/16/2019,988508
5/17/2019,988834
5/18/2019,991890
5/19/2019,989251
5/20/2019,992610
5/21/2019,993969
5/22/2019,995094
5/23/2019,995065
5/24/2019,992962
5/25/2019,992498
5/26/2019,989118
5/27/2019,987127
5/28/2019,990261
5/29/2019,991299
5/30/2019,996188
5/31/2019,996861
6/1/2019,995546
6/2/2019,995485
6/3/2019,991648
6/4/2019,988050
6/5/2019,989375
6/6/2019,989192
6/7/2019,988416
6/8/2019,991227
6/9/2019,987866
6/10/2019,970552
6/11/2019,955757
6/12/2019,950392
6/13/2019,950304
6/14/2019,970084
6/15/2019,983537
6/16/2019,987312
6/17/2019,986135
6/18/2019,981835
6/19/2019,974404
6/20/2019,970104
6/21/2019,974485
6/22/2019,977603
6/23/2019,982324
6/24/2019,984838
6/25/2019,979759
6/26/2019,977851
6/27/2019,978681
6/28/2019,984958
6/29/2019,985214
6/30/2019,971974
7/1/2019,972761
7/2/2019,970428
7/3/2019,966753
7/4/2019,971097
7/5/2019,969310
7/6/2019,964790
7/7/2019,970400
7/8/2019,968855
7/9/2019,965256
7/10/2019,969447
7/11/2019,966909
7/12/2019,976649
7/13/2019,983306
7/14/2019,984746
7/15/2019,989361
7/16/2019,981221
7/17/2019,980071
7/18/2019,981240
7/19/2019,975253
7/20/2019,981059
7/21/2019,985668
7/22/2019,981859
7/23/2019,984344
7/24/2019,982209
7/25/2019,972178
7/26/2019,972463
7/27/2019,975984
7/28/2019,978524
7/29/2019,983542
7/30/2019,983766
7/31/2019,986642
8/1/2019,991180
8/2/2019,991416
8/3/2019,989691
8/4/2019,987425
8/5/2019,982838
8/6/2019,982780
8/7/2019,983758
8/8/2019,984283
8/9/2019,985010
8/10/2019,986867
8/11/2019,986896
8/12/2019,982152
8/13/2019,981682
8/14/2019,978013
8/15/2019,978315
8/16/2019,983599
8/17/2019,986439
8/18/2019,991689
8/19/2019,992280
8/20/2019,988187
8/21/2019,984162
8/22/2019,966481
8/23/2019,963044
8/24/2019,965561
8/25/2019,965951
8/26/2019,977929
8/27/2019,962896
8/28/2019,950855
8/29/2019,942040
8/30/2019,938243
8/31/2019,952237
9/1/2019,951834
9/2/2019,957437
9/3/2019,953776
9/4/2019,955023
9/5/2019,962778
9/6/2019,964865
9/7/2019,972135
9/8/2019,962227
9/9/2019,0
9/10/2019,968451
9/11/2019,967931
9/12/2019,966705
9/13/2019,953643
9/14/2019,954155
9/15/2019,950984
9/16/2019,968929
9/17/2019,977595
9/18/2019,979608
9/19/2019,982009
9/20/2019,983766
9/21/2019,983165
9/22/2019,978586
9/23/2019,979277
9/24/2019,966273
9/25/2019,972133
9/26/2019,971424
9/27/2019,972990
9/28/2019,984799
9/29/2019,981469
9/30/2019,984261
10/1/2019,978255
10/2/2019,982157
10/3/2019,983046
10/4/2019,977108
10/5/2019,974362
10/6/2019,973444
10/7/2019,967388
10/8/2019,972761
10/9/2019,980301
10/10/2019,974510
10/11/2019,975472
10/12/2019,977500
10/13/2019,978707
10/14/2019,979702
10/15/2019,989457
10/16/2019,989640
10/17/2019,985720
10/18/2019,989737
10/19/2019,990303
10/20/2019,990753
10/21/2019,991607
10/22/2019,989098
10/23/2019,984806
10/24/2019,978866
10/25/2019,975882
10/26/2019,973859
10/27/2019,977152
10/28/2019,980760
10/29/2019,984646
10/30/2019,981538
10/31/2019,978596
11/1/2019,975613
11/2/2019,966135
11/3/2019,986270
11/4/2019,992482
11/5/2019,994429
11/6/2019,991777
11/7/2019,992353
11/8/2019,985030
11/9/2019,980835
11/10/2019,981228
11/11/2019,978614
11/12/2019,981395
11/13/2019,979842
11/14/2019,977330
11/15/2019,977322
11/16/2019,978931
11/17/2019,980949
11/18/2019,983087
11/19/2019,984946
11/20/2019,986890
11/21/2019,986383
11/22/2019,984865
11/23/2019,987986
11/24/2019,0
11/25/2019,983041
11/26/2019,984888
11/27/2019,977864
11/28/2019,982263
11/29/2019,985780
11/30/2019,984269
12/1/2019,985704
12/2/2019,984411
12/3/2019,983279
12/4/2019,983890
12/5/2019,985760
12/6/2019,990143
12/7/2019,992229
12/8/2019,990955
12/9/2019,0
12/10/2019,987555
12/11/2019,989493
12/12/2019,991185
12/13/2019,986921
12/14/2019,989964
12/15/2019,988958
12/16/2019,985354
12/17/2019,984082
12/18/2019,976878
12/19/2019,973638
12/20/2019,978169
12/21/2019,980656
12/22/2019,983911
12/23/2019,987490
12/24/2019,987595
12/25/2019,988591
12/26/2019,984995
12/27/2019,981543
12/28/2019,979970
12/29/2019,978170
12/30/2019,978462
12/31/2019,977927
